area,posgrado,periodo,ID,edad,genero,nacionalidad,nivel,lic_proced,lic_UNAM,plantel_UNAM,LR1,LR2,LR3,LR4,LR5,LR6,LR7,LR8,LR9,LR10,LR11
1,01,02,00001,25,2,,2,,,,D,D,A,D,B,B,D,B,A,A,C
1,01,02,00005,24,1,,2,,,,D,A,A,D,C,B,D,C,A,C,D
1,01,02,00006,27,2,,2,,,,D,D,C,D,A,B,D,C,A,A,D
1,01,02,00008,33,2,,2,,,,B,C,A,A,C,B,C,C,A,A,D
1,01,02,00010,27,1,,2,,,,C,A,C,D,B,B,B,C,A,A,C
1,01,02,00011,24,1,,2,,,,D,D,C,D,C,B,A,A,A,A,C
1,01,02,00016,28,2,,2,,,,C,A,C,D,A,B,D,C,A,C,D
1,01,02,00018,23,2,,2,,,,D,D,C,A,A,D,B,A,A,D,D
1,01,02,00023,23,1,,2,,,,A,A,C,C,B,B,D,A,A,C,D
1,01,02,00025,24,2,,2,,,,C,A,A,A,B,C,A,A,A,B,C
1,01,02,00028,26,2,,2,,,,D,A,C,B,A,B,D,C,A,C,D
1,01,02,00030,23,2,,2,,,,C,B,A,A,B,B,D,C,A,A,C
1,01,02,00032,27,1,,2,,,,D,D,A,D,A,B,A,C,A,C,D
1,01,02,00034,25,2,,2,,,,D,D,A,D,B,B,D,C,D,B,D
1,01,02,00037,25,2,,2,,,,D,D,A,D,D,B,D,B,B,C,D
1,01,02,00039,26,1,,2,,,,D,D,B,B,B,B,D,B,B,A,D
1,01,02,00047,30,2,,2,,,,D,D,A,D,B,B,D,C,A,C,D
1,01,02,00052,30,1,,2,,,,D,D,A,D,C,B,C,A,A,A,C
1,01,02,00059,23,1,,2,,,,C,A,C,D,A,B,C,C,A,C,D
1,01,02,00064,24,1,,2,,,,D,D,C,D,B,B,A,C,A,C,D
1,01,02,00069,33,1,,2,,,,D,D,C,D,B,B,D,C,B,C,D
1,01,02,00077,31,2,,2,,,,D,A,A,D,C,B,C,B,B,C,C
1,01,02,00084,23,2,,2,,,,D,D,C,B,C,B,C,C,B,C,D
1,01,02,00086,28,2,,2,,,,D,A,C,D,C,B,D,C,A,D,D
1,01,02,00090,26,1,,2,,,,B,A,A,A,D,C,A,B,C,A,C
1,01,02,00091,24,1,,2,,,,A,A,A,D,B,B,D,B,A,C,C
1,01,02,00095,23,1,,2,,,,D,D,A,D,A,B,D,B,A,C,C
1,01,02,00096,27,1,,2,,,,D,A,C,C,B,D,A,C,B,C,C
1,01,02,00098,23,1,,2,,,,D,D,C,D,B,B,D,C,A,C,D
1,01,02,00100,27,2,,2,,,,A,D,C,C,A,B,D,D,A,C,D
1,01,02,00106,29,1,,2,,,,C,D,A,D,C,B,A,C,A,A,D
1,01,02,00108,24,2,,2,,,,D,D,C,D,C,B,A,C,A,C,D
1,01,02,00111,26,2,,2,,,,D,D,C,A,A,B,A,C,A,C,D
1,01,02,00120,24,1,,2,,,,C,A,A,D,A,D,C,C,A,A,A
1,01,02,00121,23,2,,2,,,,D,D,A,B,A,B,D,C,A,C,A
1,01,02,00130,29,1,,2,,,,D,A,C,D,C,B,C,C,A,A,D
1,01,02,00131,30,2,,2,,,,C,A,C,B,B,D,D,B,A,A,D
1,01,02,00135,25,1,,2,,,,D,D,B,B,A,B,D,C,A,A,D
1,01,02,00137,26,1,,2,,,,D,D,C,D,B,B,D,C,A,C,D
1,01,02,00139,23,1,,2,,,,D,D,C,D,B,B,B,C,A,C,D
1,01,02,00142,25,2,,2,,,,C,D,C,D,B,B,D,C,A,C,D
1,01,02,00147,23,2,,2,,,,D,A,C,A,A,B,A,A,A,C,C
1,01,02,00152,25,2,,2,,,,C,D,C,D,A,D,D,C,A,C,D
1,01,02,00154,23,1,,2,,,,C,B,A,C,B,B,D,B,D,A,D
1,01,02,00162,39,1,,2,,,,D,A,A,D,A,B,D,D,A,A,D
1,01,02,00166,23,1,,2,,,,C,A,C,A,B,A,D,B,A,A,C
1,01,02,00168,29,1,,2,,,,D,C,A,B,B,B,D,C,A,D,D
1,01,02,00173,35,1,,2,,,,D,A,A,D,B,B,A,C,A,C,D
1,01,02,00176,24,2,,2,,,,C,A,C,D,B,C,D,C,A,A,C
1,01,02,00182,28,2,,2,,,,B,A,C,A,B,B,D,C,A,C,D
1,01,02,00184,27,2,,2,,,,D,A,A,C,A,B,C,C,A,D,D
1,01,02,00186,26,2,,2,,,,D,A,A,A,A,C,D,A,B,C,D
1,01,02,00188,26,1,,2,,,,D,A,C,D,C,B,B,C,A,C,D
1,01,02,00190,32,1,,2,,,,D,D,C,C,A,B,D,B,A,C,D
1,01,02,00192,25,2,,2,,,,C,D,A,A,B,D,D,B,D,A,A
1,01,02,00194,25,1,,2,,,,D,D,A,D,A,B,A,B,A,D,D
1,01,02,00200,22,2,,2,,,,D,A,C,D,C,B,D,C,A,C,D
1,01,02,00206,25,1,,2,,,,D,B,C,D,A,C,D,C,A,C,D
1,01,02,00208,25,1,,2,,,,D,C,A,D,D,B,C,A,B,A,C
1,01,02,00214,24,1,,2,,,,B,A,A,A,D,B,C,C,A,C,D
1,01,02,00226,24,2,,2,,,,C,D,C,D,B,B,A,C,A,C,C
1,01,02,00228,25,2,,2,,,,C,A,A,D,B,C,D,C,A,A,D
1,01,02,00239,24,1,,2,,,,C,A,A,A,A,D,D,A,A,D,D
1,01,02,00241,24,2,,2,,,,D,D,C,B,B,B,D,B,C,C,D
1,01,02,00245,23,1,,2,,,,D,D,C,B,A,D,B,B,D,A,C
1,01,02,00247,30,2,,2,,,,D,D,C,D,B,D,D,A,A,C,D
1,01,02,00251,26,1,,2,,,,D,D,C,A,B,B,D,A,A,D,D
1,01,02,00253,27,1,,2,,,,D,A,C,D,A,C,C,B,A,C,D
1,01,02,00256,28,1,,2,,,,D,A,C,D,B,B,D,C,A,C,D
1,01,02,00257,24,2,,2,,,,C,B,A,D,D,B,D,B,A,A,D
1,01,02,00002,27,2,,2,,,,D,A,C,A,B,B,D,B,A,C,A
1,01,02,00004,24,2,,2,,,,D,D,C,D,B,B,D,C,A,C,A
1,01,02,00014,24,2,,2,,,,D,D,C,A,B,A,D,C,A,C,D
1,01,02,00024,33,2,,2,,,,D,A,A,A,B,B,D,B,B,A,A
1,01,02,00029,26,1,,2,,,,D,A,A,C,C,B,D,A,A,A,D
1,01,02,00031,27,1,,2,,,,C,C,C,D,B,B,B,B,B,A,C
1,01,02,00033,26,2,,2,,,,C,A,C,A,B,B,D,C,A,D,C
1,01,02,00035,40,2,,2,,,,D,D,A,D,C,B,C,C,A,D,D
1,01,02,00040,27,2,,2,,,,D,A,C,D,A,B,D,B,A,D,D
1,01,02,00043,28,1,,2,,,,D,D,A,D,A,B,D,A,B,A,C
1,01,02,00045,27,1,,2,,,,C,D,A,D,A,B,D,C,A,A,D
1,01,02,00046,28,1,,2,,,,D,D,C,D,B,B,D,B,B,C,D
1,01,02,00048,32,2,,2,,,,B,A,A,B,A,B,D,D,A,A,C
1,01,02,00050,26,2,,2,,,,D,A,A,B,B,D,B,D,D,A,C
1,01,02,00053,23,2,,2,,,,C,A,C,B,B,B,A,C,A,A,D
1,01,02,00055,24,2,,2,,,,D,A,C,C,B,B,D,B,A,D,D
1,01,02,00058,26,2,,2,,,,C,B,C,B,B,B,A,C,D,A,C
1,01,02,00060,42,1,,2,,,,C,A,C,D,A,D,B,A,A,C,C
1,01,02,00061,29,1,,2,,,,C,D,C,C,C,B,C,C,B,D,D
1,01,02,00063,26,2,,2,,,,C,A,A,C,A,D,D,C,A,B,B
1,01,02,00065,42,2,,2,,,,D,A,C,B,B,B,D,B,A,C,D
1,01,02,00068,24,2,,2,,,,D,A,C,D,B,B,B,B,A,C,A
1,01,02,00070,23,1,,2,,,,A,A,A,A,A,B,D,B,A,C,D
1,01,02,00071,24,2,,2,,,,D,D,C,D,B,B,A,C,A,A,C
1,01,02,00073,23,1,,2,,,,D,D,A,A,B,D,C,B,C,D,C
1,01,02,00075,26,2,,2,,,,D,A,C,A,B,B,B,C,A,C,D
1,01,02,00076,24,1,,2,,,,D,A,A,A,C,B,D,B,B,A,D
1,01,02,00078,30,1,,2,,,,D,D,C,D,C,B,A,B,A,C,A
1,01,02,00080,28,1,,2,,,,D,D,A,C,B,B,B,C,B,C,D
1,01,02,00081,23,1,,2,,,,D,D,C,C,D,D,B,B,A,A,A
1,01,02,00083,28,2,,2,,,,C,A,A,A,B,C,D,B,D,C,B
1,01,02,00085,27,1,,2,,,,A,A,C,D,C,B,B,C,A,A,C
1,01,02,00087,24,1,,2,,,,C,D,C,D,B,B,D,B,A,C,D
1,01,02,00094,26,2,,2,,,,B,A,A,D,C,B,A,C,B,A,C
1,01,02,00097,26,2,,2,,,,D,B,C,B,A,B,D,C,A,A,D
1,01,02,00099,30,2,,2,,,,B,D,A,D,C,C,D,C,D,A,A
1,01,02,00102,24,1,,2,,,,C,B,C,B,B,B,C,B,A,A,A
1,01,02,00104,26,1,,2,,,,D,A,A,D,A,D,D,C,A,A,D
1,01,02,00109,29,1,,2,,,,C,D,C,C,B,C,B,B,D,C,D
1,01,02,00112,23,2,,2,,,,D,A,C,B,B,B,D,A,A,C,D
1,01,02,00117,27,2,,2,,,,B,A,A,D,B,D,D,B,A,C,D
1,01,02,00119,32,2,,2,,,,D,B,C,A,A,B,D,A,A,B,C
1,01,02,00122,28,2,,2,,,,D,B,C,D,B,B,D,C,A,C,D
1,01,02,00124,22,1,,2,,,,C,A,C,A,D,B,D,C,A,A,A
1,01,02,00129,26,1,,2,,,,D,D,C,A,B,D,B,B,A,A,D
1,01,02,00132,23,2,,2,,,,D,D,C,A,B,B,D,C,A,C,D
1,01,02,00134,26,1,,2,,,,C,A,C,B,B,B,D,B,A,A,D
1,01,02,00143,23,2,,2,,,,D,D,C,D,B,B,D,C,A,D,D
1,01,02,00146,22,1,,2,,,,C,A,C,C,B,D,D,B,A,A,D
1,01,02,00150,25,1,,2,,,,D,A,C,A,B,D,D,B,A,C,D
1,01,02,00155,23,1,,2,,,,A,D,A,C,B,B,C,B,C,A,C
1,01,02,00160,23,1,,2,,,,C,A,C,A,A,D,D,C,A,C,D
1,01,02,00167,37,2,,2,,,,A,D,A,A,B,C,C,B,A,D,D
1,01,02,00170,26,2,,2,,,,D,D,A,A,A,B,D,C,B,C,D
1,01,02,00175,25,1,,2,,,,D,A,C,D,C,B,C,B,A,D,D
1,01,02,00178,24,2,,2,,,,D,D,A,C,B,B,D,C,A,C,D
1,01,02,00180,31,2,,2,,,,D,D,C,B,B,D,C,D,A,D,C
1,01,02,00183,24,1,,2,,,,D,A,C,B,D,A,D,B,A,D,D
1,01,02,00187,24,2,,2,,,,D,A,C,A,C,B,D,C,A,C,D
1,01,02,00189,23,1,,2,,,,C,A,C,D,B,B,C,B,B,C,D
1,01,02,00195,23,2,,2,,,,D,D,C,B,B,D,D,B,A,A,B
1,01,02,00197,25,1,,2,,,,C,C,A,B,A,B,B,A,C,A,A
1,01,02,00201,27,2,,2,,,,D,D,C,A,A,B,D,B,A,C,C
1,01,02,00205,26,2,,2,,,,D,D,C,D,A,B,C,C,A,C,D
1,01,02,00215,23,1,,2,,,,D,A,C,D,A,B,C,C,A,A,D
1,01,02,00221,24,2,,2,,,,C,D,C,A,A,D,D,A,A,A,A
1,01,02,00225,25,2,,2,,,,D,D,A,A,B,B,D,C,B,D,C
1,01,02,00227,22,1,,2,,,,D,A,A,D,B,B,D,C,A,C,D
1,01,02,00237,25,1,,2,,,,C,D,A,D,B,B,D,C,A,A,A
1,01,02,00240,24,2,,2,,,,D,A,C,A,B,B,D,B,A,C,C
1,01,02,00244,27,1,,2,,,,C,A,C,D,B,B,D,C,A,C,D
1,01,02,00246,25,1,,2,,,,D,A,C,D,C,B,D,C,A,C,D
1,01,02,00248,26,2,,2,,,,D,A,C,D,B,B,D,C,A,A,D
1,01,02,00250,24,1,,2,,,,D,D,C,D,A,B,D,C,A,C,C
1,01,02,00252,24,2,,2,,,,D,D,C,A,B,B,D,C,A,C,D
1,01,02,00254,26,1,,2,,,,D,A,A,D,C,B,D,A,A,C,D
1,01,02,00255,29,1,,2,,,,D,A,C,D,A,B,D,C,A,D,D
2,03,01,00001,29,2,1,3,,,,D,A,C,A,C,B,D,B,A,D,D
2,03,01,00009,30,1,1,3,,,,D,D,A,A,A,D,C,C,A,A,D
2,03,01,00011,24,2,1,2,,,,C,D,A,D,A,B,D,D,B,B,D
2,03,01,00013,28,1,1,2,,,,C,A,B,D,A,B,C,B,B,A,A
2,03,01,00015,28,2,1,3,,,,C,A,A,B,A,B,B,C,A,A,D
2,03,01,00017,25,2,1,2,,,,D,A,C,C,B,D,D,B,A,A,D
2,03,01,00019,27,1,1,2,,,,D,A,A,A,C,C,D,B,B,A,A
2,03,01,00023,26,2,1,2,,,,C,D,C,A,B,B,D,B,A,C,C
2,03,01,00025,24,2,1,2,,,,D,D,A,A,C,B,D,C,B,C,D
2,03,01,00027,21,2,1,2,,,,D,D,B,D,B,B,D,B,A,C,C
2,03,01,00029,33,2,1,3,,,,C,D,A,D,B,B,D,C,A,A,D
2,03,01,00033,24,1,1,2,,,,D,A,A,A,B,B,D,D,A,A,D
2,03,01,00035,24,2,1,2,,,,D,D,C,C,B,C,D,B,A,C,D
2,03,01,00037,24,1,1,2,,,,C,A,A,B,B,B,D,C,B,A,A
2,03,01,00039,26,2,1,2,,,,C,A,C,A,A,D,D,C,A,A,D
2,03,01,00041,24,2,1,2,,,,D,D,A,B,B,B,D,C,A,D,A
2,03,01,00043,23,2,1,2,,,,D,D,C,C,A,B,B,B,A,A,D
2,03,01,00045,33,2,1,3,,,,C,A,A,A,A,B,D,A,A,A,C
2,03,01,00047,24,2,1,2,,,,D,A,A,D,C,B,D,B,A,A,C
2,03,01,00049,24,2,1,2,,,,D,D,C,D,C,B,D,C,A,C,D
2,03,01,00002,25,2,1,2,,,,C,C,C,B,B,C,A,C,D,A,D
2,03,01,00006,27,1,1,2,,,,A,A,A,B,A,B,D,C,D,C,C
2,03,01,00008,26,1,1,2,,,,D,B,A,D,C,B,D,C,A,A,C
2,03,01,00010,38,1,2,3,,,,D,D,C,B,B,B,D,A,D,C,C
2,03,01,00012,24,1,1,2,,,,D,D,C,D,B,B,D,D,A,C,C
2,03,01,00014,29,2,1,3,,,,C,D,C,A,B,B,D,B,A,C,C
2,03,01,00016,45,1,1,3,,,,C,C,A,D,C,B,A,D,D,B,C
2,03,01,00024,23,2,1,2,,,,C,D,C,B,B,B,C,A,B,A,C
2,03,01,00028,28,2,1,3,,,,D,B,C,C,B,D,C,C,B,C,A
2,03,01,00030,33,1,1,3,,,,C,A,A,B,B,B,B,B,D,A,C
2,03,01,00032,27,2,1,3,,,,D,D,C,A,A,B,D,C,D,C,C
2,03,01,00034,26,2,1,2,,,,A,A,A,D,B,B,D,B,A,C,A
2,03,01,00036,26,1,1,2,,,,B,A,B,C,C,B,D,A,A,D,C
2,03,01,00038,23,2,1,2,,,,D,A,A,D,B,D,D,B,A,C,D
2,03,01,00040,62,1,1,3,,,,D,C,C,D,A,B,D,C,A,C,D
2,03,01,00042,35,2,1,2,,,,C,D,C,B,B,B,D,C,A,C,D
2,03,01,00044,25,2,1,2,,,,D,D,C,C,B,B,D,B,A,A,D
2,03,01,00046,28,2,1,2,,,,D,D,A,C,C,B,D,B,A,C,D
2,03,02,00001,24,2,1,2,,,,D,D,C,D,A,B,C,C,A,C,D
2,03,02,00007,24,2,1,2,,,,D,D,C,C,B,D,D,C,A,C,D
2,03,02,00009,27,1,1,2,,,,D,A,C,D,C,B,C,A,A,C,B
2,03,02,00011,25,2,1,2,,,,C,B,C,C,C,B,D,C,A,C,C
2,03,02,00015,23,2,1,2,,,,B,A,C,C,B,D,D,B,A,A,C
2,03,02,00017,46,1,1,3,,,,D,A,A,D,C,B,D,A,B,D,D
2,03,02,00021,23,1,1,2,,,,B,B,A,D,C,D,C,B,A,C,A
2,03,02,00023,24,2,1,2,,,,C,B,A,B,B,B,D,A,A,A,C
2,03,02,00025,26,1,2,2,,,,D,D,A,D,C,B,D,C,A,C,D
2,03,02,00027,24,1,1,2,,,,D,A,C,C,B,B,B,B,A,C,D
2,03,02,00029,31,1,1,3,,,,D,A,D,D,A,B,C,B,A,C,D
2,03,02,00031,47,1,1,2,,,,D,C,A,C,B,C,D,B,A,D,D
2,03,02,00041,32,1,1,3,,,,D,A,A,B,C,B,D,C,A,C,D
2,03,02,00043,24,2,1,2,,,,D,D,C,D,B,B,A,C,B,C,D
2,03,02,00045,26,1,1,2,,,,D,D,C,C,C,B,D,B,B,C,A
2,03,02,00049,29,2,1,2,,,,C,A,A,A,B,B,D,C,A,C,D
2,03,02,00051,25,2,1,2,,,,D,D,A,C,B,D,D,C,A,B,C
2,03,02,00053,36,1,1,3,,,,D,A,C,B,A,B,B,B,A,B,D
2,03,02,00055,26,2,1,2,,,,B,D,C,C,C,D,C,C,A,A,D
2,03,02,00057,22,1,1,2,,,,D,D,C,D,B,D,C,A,B,A,C
2,03,02,00059,26,1,1,3,,,,D,A,C,D,C,B,D,C,A,C,D
2,03,02,00063,29,2,1,3,,,,C,D,C,D,A,B,D,A,A,C,D
2,03,02,00065,24,2,1,2,,,,D,A,A,C,B,B,D,C,A,C,D
2,03,02,00002,25,2,1,2,,,,D,D,C,A,B,B,D,D,D,A,B
2,03,02,00004,24,1,1,2,,,,D,D,B,D,B,B,D,C,A,A,C
2,03,02,00006,29,1,1,2,,,,C,A,A,C,B,B,A,B,D,D,D
2,03,02,00010,26,2,1,2,,,,C,D,C,D,B,B,D,C,B,C,C
2,03,02,00014,30,2,1,3,,,,C,D,A,D,A,C,D,B,B,C,C
2,03,02,00016,34,2,1,3,,,,D,D,C,B,B,B,D,B,B,C,B
2,03,02,00018,27,1,1,2,,,,D,A,C,C,B,C,D,C,A,C,C
2,03,02,00020,25,1,1,2,,,,D,A,C,A,A,D,B,D,D,C,C
2,03,02,00024,23,1,1,2,,,,D,A,A,D,A,B,D,C,D,C,A
2,03,02,00034,22,2,1,2,,,,D,A,D,D,C,A,D,D,B,A,D
2,03,02,00038,,2,1,2,,,,D,D,C,D,B,B,D,B,B,C,D
2,03,02,00040,22,2,1,2,,,,D,D,C,D,A,B,D,C,A,C,D
2,03,02,00042,31,1,1,3,,,,B,A,C,D,B,B,D,C,A,A,A
2,03,02,00044,25,2,1,2,,,,B,C,A,C,C,B,D,B,A,A,D
2,03,02,00046,23,2,1,2,,,,C,A,D,D,D,B,B,C,B,A,C
2,03,02,00048,33,1,1,3,,,,D,D,C,D,B,B,C,C,A,C,D
2,03,02,00050,25,2,1,2,,,,D,A,A,D,B,D,D,C,A,A,C
2,03,02,00052,23,2,1,2,,,,C,D,A,D,B,B,B,C,A,C,D
2,03,02,00054,25,2,1,2,,,,D,A,C,C,A,B,C,D,A,C,D
2,03,02,00056,27,1,1,2,,,,D,D,C,B,B,B,D,B,A,A,C
2,03,02,00058,36,2,1,3,,,,D,B,A,D,B,B,C,A,B,A,D
2,03,02,00060,23,2,1,2,,,,D,D,A,C,B,C,D,C,A,C,D
2,03,02,00066,24,2,1,2,,,,D,A,A,D,A,B,D,B,B,A,D
2,03,02,00068,24,2,1,2,,,,C,D,A,B,B,B,D,C,A,C,C
2,02,01,00001,,2,,3,,,,D,D,C,C,B,B,B,C,A,D,C
2,02,01,00003,,1,,2,,,,D,D,C,B,A,A,D,B,A,A,B
2,02,01,00005,,2,,2,,,,B,B,C,A,B,B,D,C,A,C,A
2,02,01,00007,,2,,2,,,,B,D,A,D,B,B,D,C,A,A,D
2,02,01,00009,,2,,2,,,,D,A,A,D,A,B,D,C,A,D,D
2,02,01,00013,,2,,2,,,,D,D,A,B,A,B,D,C,B,B,A
2,02,01,00015,,1,,3,,,,D,A,C,D,A,B,D,C,A,C,C
2,02,01,00017,,2,,3,,,,D,D,C,C,A,B,C,A,A,D,C
2,02,01,00019,,1,,2,,,,D,A,C,C,C,B,A,B,D,A,C
2,02,01,00021,,1,,3,,,,D,D,C,C,B,B,D,C,A,C,D
2,02,01,00023,,1,,2,,,,C,A,C,B,A,C,A,B,B,B,D
2,02,01,00025,,2,,2,,,,D,D,C,C,B,B,D,C,A,D,C
2,02,01,00027,,1,,2,,,,C,A,A,D,B,B,C,A,A,C,D
2,02,01,00029,,1,,3,,,,C,A,C,D,C,B,D,A,A,A,D
2,02,01,00031,,1,,3,,,,D,A,C,D,B,B,D,C,D,A,C
2,02,01,00033,,1,,2,,,,D,C,A,D,C,C,B,C,A,C,D
2,02,01,00035,,2,,2,,,,D,A,C,D,A,B,D,B,A,D,C
2,02,01,00037,,1,,2,,,,B,A,C,A,A,B,C,A,A,A,B
2,02,01,00039,,1,,2,,,,C,A,A,B,C,C,A,B,A,A,D
2,02,01,00041,,1,,3,,,,D,A,C,B,A,B,B,A,A,D,D
2,02,01,00043,,1,,2,,,,C,D,C,D,A,B,D,C,A,A,C
2,02,01,00045,,1,,2,,,,D,A,C,B,B,D,C,B,A,B,A
2,02,01,00049,,2,,2,,,,D,A,A,D,B,B,D,B,A,C,C
2,02,01,00051,,1,,2,,,,D,D,C,B,B,B,D,C,B,C,D
2,02,01,00057,,2,,2,,,,C,D,A,D,B,B,C,B,A,D,C
2,02,01,00059,,2,,2,,,,D,B,C,B,A,D,A,B,C,A,C
2,02,01,00061,,2,1,2,075,1,28,D,A,B,D,A,B,D,C,A,C,A
2,02,01,00063,,2,,2,,,,D,D,B,C,A,B,A,D,A,A,D
2,02,01,00065,,2,,2,,,,D,D,A,C,C,B,D,C,A,C,A
2,02,01,00067,,2,,2,,,,D,B,A,A,B,B,D,C,A,C,D
2,02,01,00069,,1,,2,,,,C,D,C,A,B,B,B,C,A,D,D
2,02,01,00073,,1,,3,,,,D,A,C,B,A,B,D,C,A,C,D
2,02,01,00075,,1,,3,,,,C,B,D,A,B,B,A,A,B,B,D
2,02,01,00077,,1,,2,,,,D,B,A,D,A,B,D,D,A,D,C
2,02,01,00079,,2,,3,,,,C,A,C,B,C,D,D,D,D,A,D
2,02,01,00081,,1,,2,,,,D,A,A,D,B,B,D,C,A,A,D
2,02,01,00083,,2,1,2,074,1,28,D,A,C,B,B,B,A,B,A,C,D
2,02,01,00085,,1,,3,,,,A,D,A,C,B,B,D,B,A,C,D
2,02,01,00087,,1,,2,,,,C,A,A,D,B,B,D,C,D,A,D
2,02,01,00089,,2,,2,,,,D,D,A,A,C,C,D,B,B,D,D
2,02,01,00091,,2,,3,,,,D,D,C,D,B,D,D,B,A,C,D
2,02,01,00093,,1,,3,,,,D,D,C,A,C,B,B,C,A,C,C
2,02,01,00097,,2,1,2,038,2,,B,A,A,B,B,B,D,B,C,C,B
2,02,01,00099,,1,,2,,,,D,A,A,D,C,D,A,C,A,B,D
2,02,01,00101,,1,,2,,,,D,D,C,D,B,B,A,A,A,C,D
2,02,01,00103,,1,,2,,,,D,D,C,C,A,B,D,B,B,A,A
2,02,01,00105,,2,,2,,,,A,D,C,A,A,B,C,C,A,A,D
2,02,01,00107,,2,,2,,,,D,D,C,C,B,B,D,A,A,C,D
2,02,01,00109,,1,,3,,,,C,A,A,D,A,B,A,C,A,C,C
2,02,01,00111,,2,,3,,,,C,B,C,D,C,B,A,B,A,A,D
2,02,01,00113,,2,,2,,,,D,D,C,A,B,D,C,A,A,A,C
2,02,01,00115,,1,1,2,074,1,28,C,D,C,D,B,B,D,C,A,A,C
2,02,01,00117,,1,,3,,,,D,D,C,A,A,B,D,A,A,C,C
2,02,01,00165,,1,,2,,,,D,D,A,A,A,B,A,B,A,C,D
2,02,01,00119,,1,,3,,,,D,A,C,D,A,B,C,B,A,C,A
2,02,01,00123,,1,,3,,,,D,A,C,C,B,B,A,C,A,C,A
2,02,01,00125,,1,,3,,,,D,A,C,B,B,B,C,C,A,C,D
2,02,01,00127,,1,,3,,,,B,D,A,C,A,B,D,C,A,C,D
2,02,01,00129,,1,,2,,,,C,D,A,B,A,B,D,C,D,C,D
2,02,01,00131,,2,,2,,,,C,C,A,A,A,D,C,C,A,C,C
2,02,01,00133,,2,,2,,,,C,D,A,D,C,B,D,C,A,C,D
2,02,01,00135,,1,,2,,,,C,D,C,A,B,D,D,B,A,A,D
2,02,01,00137,,2,,2,,,,C,D,C,D,A,B,A,C,D,C,C
2,02,01,00139,,1,,3,,,,D,D,C,B,C,B,D,B,D,C,C
2,02,01,00141,,1,,2,,,,D,D,C,C,,B,D,B,A,A,D
2,02,01,00143,,1,,2,,,,C,D,C,D,C,B,D,C,A,A,A
2,02,01,00145,,1,,2,,,,B,A,C,B,B,C,D,B,D,C,C
2,02,01,00151,,2,,2,,,,C,D,A,A,C,B,D,B,A,B,D
2,02,01,00153,,1,1,2,074,1,28,D,A,C,B,A,B,B,B,A,A,C
2,02,01,00155,,2,,2,,,,C,B,D,B,A,B,D,A,C,A,C
2,02,01,00157,,2,,2,,,,D,A,C,C,B,B,D,A,A,C,D
2,02,01,00159,,1,,3,,,,D,A,C,C,B,B,D,C,A,C,D
2,02,01,00161,,1,,2,,,,D,A,A,D,B,D,B,B,A,C,C
2,02,01,00163,,2,,2,,,,C,B,C,C,B,C,D,B,A,D,D
2,02,01,00167,,2,,2,,,,D,D,B,A,B,B,D,B,B,A,D
2,02,01,00171,,2,1,2,074,1,28,D,D,C,D,A,B,C,C,A,C,D
2,02,01,00173,,1,,2,,,,A,A,A,A,B,B,D,D,A,A,D
2,02,01,00175,,1,,2,,,,B,B,C,B,C,D,B,C,A,C,C
2,02,01,00177,,2,,3,,,,D,A,A,A,A,B,D,A,B,C,D
2,02,01,00179,,2,,3,,,,C,A,C,D,A,B,D,B,A,C,C
2,02,01,00181,,1,,3,,,,C,D,A,D,B,C,D,A,A,C,D
2,02,01,00183,,1,1,2,075,1,28,D,B,C,A,A,B,D,D,B,C,D
2,02,01,00185,,2,,2,,,,D,A,A,D,B,B,B,C,A,C,B
2,02,01,00187,,2,,3,,,,C,D,A,A,A,B,D,C,A,C,C
2,02,01,00189,,2,,2,,,,C,D,C,C,A,B,D,C,A,C,C
2,02,01,00191,,2,1,2,056,2,,D,D,A,B,B,B,D,D,A,D,A
2,02,01,00193,,2,,2,,,,D,D,A,A,B,B,D,C,A,C,D
2,02,01,00195,,1,,3,,,,D,D,C,C,B,B,D,B,A,C,D
2,02,01,00197,,2,,3,,,,C,A,A,A,B,B,D,C,A,A,D
2,02,01,00199,,2,,3,,,,D,D,C,A,A,B,B,B,A,D,D
2,02,01,00201,,2,,3,,,,D,A,C,D,C,B,B,A,A,C,D
2,02,01,00002,,2,,3,,,,D,A,C,D,C,D,D,C,A,C,C
2,02,01,00004,,1,,2,,,,D,D,C,D,A,B,C,A,A,D,C
2,02,01,00006,,1,,2,,,,D,B,A,A,A,B,D,C,A,B,C
2,02,01,00008,,1,,3,,,,D,C,C,C,C,B,D,A,D,C,D
2,02,01,00010,,2,,3,,,,D,A,C,D,A,B,D,A,B,C,D
2,02,01,00012,,2,,2,,,,D,A,C,B,C,B,D,C,A,D,D
2,02,01,00014,,1,,3,,,,D,A,A,A,C,B,D,C,A,C,C
2,02,01,00016,,2,,3,,,,C,D,C,B,A,B,C,C,A,C,B
2,02,01,00018,,1,,2,,,,D,A,C,B,A,B,D,C,A,A,C
2,02,01,00020,,1,,2,,,,C,A,C,A,B,B,D,C,A,A,C
2,02,01,00022,,2,,3,,,,D,D,C,D,A,B,B,B,A,A,C
2,02,01,00024,,1,,2,,,,D,A,A,B,A,B,A,C,B,C,D
2,02,01,00026,,1,,2,,,,D,D,C,A,B,B,C,B,A,C,D
2,02,01,00028,,1,,3,,,,D,A,A,C,C,B,D,B,D,A,D
2,02,01,00030,,2,,2,,,,C,A,A,A,A,D,A,B,D,A,D
2,02,01,00032,,1,,2,,,,D,D,C,D,B,B,D,B,C,D,D
2,02,01,00034,,1,,2,,,,D,A,A,A,B,B,D,C,A,C,D
2,02,01,00036,,2,,2,,,,D,A,C,A,B,B,D,C,A,C,D
2,02,01,00038,,1,,3,,,,D,A,C,A,B,B,A,D,B,B,C
2,02,01,00040,,1,,2,,,,D,A,A,A,D,B,D,C,A,C,C
2,02,01,00042,,2,1,2,074,1,28,D,C,C,D,A,B,C,D,A,A,C
2,02,01,00044,,2,,2,,,,D,D,A,A,A,B,C,C,A,C,C
2,02,01,00046,,1,,2,,,,D,A,A,D,C,B,A,C,A,C,D
2,02,01,00048,,1,,2,,,,D,D,A,D,B,B,D,C,A,C,B
2,02,01,00050,,1,,3,,,,D,B,A,A,D,D,B,A,B,C,C
2,02,01,00052,,1,,2,,,,D,D,A,A,B,D,A,D,D,A,C
2,02,01,00054,,1,,2,,,,C,C,A,A,B,B,B,D,A,C,C
2,02,01,00056,,1,,3,,,,D,A,C,D,C,B,D,A,B,C,D
2,02,01,00058,,2,,2,,,,C,A,A,B,C,B,C,C,A,A,D
2,02,01,00060,,2,,3,,,,D,D,C,A,A,B,C,A,A,D,D
2,02,01,00062,,1,,2,,,,B,A,D,A,D,C,A,D,D,A,C
2,02,01,00064,,2,,2,,,,B,C,A,B,B,B,D,B,A,B,D
2,02,01,00066,,2,1,2,055,1,28,C,A,C,A,C,C,D,B,C,A,C
2,02,01,00068,,1,,2,,,,D,A,C,C,A,B,C,C,A,C,D
2,02,01,00070,,1,,2,,,,C,A,A,D,A,B,D,B,B,C,C
2,02,01,00072,,1,,3,,,,D,D,C,C,C,A,A,C,D,C,C
2,02,01,00074,,1,,3,,,,D,D,C,A,B,B,D,C,A,A,D
2,02,01,00076,,2,1,2,075,1,28,C,D,A,A,B,C,D,A,A,C,
2,02,01,00078,,1,,3,,,,D,D,A,B,D,B,D,C,B,D,D
2,02,01,00080,,1,,2,,,,D,A,C,B,A,B,D,C,B,C,C
2,02,01,00082,,1,,2,,,,D,A,C,D,C,B,D,C,A,A,D
2,02,01,00084,,1,,2,,,,D,A,A,B,A,B,D,C,A,C,C
2,02,01,00086,,1,1,2,076,1,18,D,D,C,D,A,B,B,B,B,D,D
2,02,01,00088,,1,,2,,,,D,A,A,C,B,D,D,B,A,C,D
2,02,01,00090,,2,,2,,,,D,A,C,B,A,D,D,A,D,C,D
2,02,01,00092,,2,,3,,,,C,A,A,C,B,B,D,B,A,B,D
2,02,01,00094,,1,,3,,,,D,B,C,D,A,C,B,C,A,C,A
2,02,01,00096,,1,,3,,,,D,A,A,B,B,B,C,C,A,D,D
2,02,01,00098,,2,1,2,074,1,18,D,D,C,B,C,B,D,A,A,A,D
2,02,01,00100,,1,,2,,,,C,D,C,D,A,B,D,C,D,A,A
2,02,01,00102,,2,1,2,074,1,18,B,A,C,A,B,B,D,B,A,C,D
2,02,01,00104,,1,,2,,,,C,A,B,A,C,D,B,C,D,A,C
2,02,01,00106,,1,,2,,,,D,A,C,B,B,D,A,C,D,C,D
2,02,01,00108,,1,,3,,,,D,B,C,B,B,B,A,A,A,A,A
2,02,01,00110,,1,,2,,,,D,D,A,A,A,C,D,C,A,A,C
2,02,01,00112,,2,,2,,,,D,A,C,D,C,B,B,B,A,C,D
2,02,01,00114,,1,,2,,,,B,D,A,A,A,B,C,B,A,A,D
2,02,01,00116,,2,,2,,,,C,C,A,A,B,B,D,B,B,C,A
2,02,01,00118,,1,,2,,,,C,A,C,D,B,D,D,A,A,D,B
2,02,01,00120,,2,,3,,,,D,A,C,D,C,B,D,D,B,C,A
2,02,01,00122,,2,,2,,,,C,D,A,B,B,D,D,C,A,D,D
2,02,01,00124,,2,,2,,,,D,A,A,B,B,C,D,A,B,C,C
2,02,01,00126,,1,,2,,,,C,A,A,D,A,B,D,C,A,C,D
2,02,01,00130,,2,,2,,,,D,A,C,D,C,B,D,D,B,C,D
2,02,01,00132,,2,,2,,,,D,C,A,C,B,A,D,B,A,C,C
2,02,01,00134,,2,,2,,,,D,D,C,D,B,C,D,C,A,C,C
2,02,01,00136,,1,,2,,,,D,C,A,C,B,B,D,C,C,A,D
2,02,01,00138,,1,,2,,,,D,D,C,A,B,B,B,D,A,C,D
2,02,01,00140,,1,,3,,,,C,A,B,B,B,B,D,D,A,C,D
2,02,01,00142,,1,,2,,,,C,B,A,B,B,B,A,A,D,B,C
2,02,01,00144,,1,,3,,,,D,C,C,D,A,B,D,B,A,C,C
2,02,01,00146,,1,,3,,,,C,A,A,A,B,B,C,C,A,C,C
2,02,01,00148,,1,,3,,,,D,A,C,D,A,B,A,C,A,C,D
2,02,01,00150,,2,,2,,,,D,A,A,C,A,B,D,B,A,A,C
2,02,01,00152,,2,,3,,,,C,D,A,A,A,B,D,C,A,C,C
2,02,01,00154,,1,,3,,,,D,D,A,A,B,B,D,A,A,C,D
2,02,01,00156,,2,,2,,,,D,A,A,D,A,C,D,B,A,C,D
2,02,01,00158,,2,,2,,,,B,A,C,D,B,A,D,A,B,C,D
2,02,01,00160,,1,,2,,,,D,D,C,C,A,B,D,B,A,D,D
2,02,01,00162,,1,,3,,,,D,A,A,A,C,A,D,C,A,B,C
2,02,01,00164,,1,,3,,,,B,D,A,B,A,D,D,C,A,C,D
2,02,01,00166,,1,,2,,,,D,A,C,B,B,B,A,A,A,C,C
2,02,01,00168,,1,,3,,,,C,A,A,C,A,B,D,C,A,C,D
2,02,01,00170,,2,1,2,074,1,28,D,A,A,D,B,B,A,C,A,B,D
2,02,01,00176,,2,,2,,,,D,D,C,D,A,B,D,C,A,A,C
2,02,01,00178,,2,,2,,,,D,A,C,D,A,B,D,B,D,D,C
2,02,01,00180,,1,,3,,,,C,D,C,D,A,A,D,D,A,C,D
2,02,01,00182,,1,,2,,,,D,A,C,B,C,D,B,B,B,D,D
2,02,01,00184,,2,,2,,,,B,A,C,A,B,A,D,C,A,C,D
2,02,01,00186,,2,1,2,074,1,28,B,D,C,D,B,B,D,C,A,D,C
2,02,01,00188,,2,,2,,,,D,A,C,A,A,B,D,C,A,D,D
2,02,01,00190,,2,,2,,,,B,A,C,A,A,C,C,D,D,C,A
2,02,01,00192,,1,,2,,,,C,B,B,A,B,B,D,C,A,A,D
2,02,01,00194,,2,,2,,,,D,B,A,B,B,D,A,B,B,C,D
2,02,01,00196,,2,,2,,,,D,D,C,C,B,B,D,B,A,C,D
2,02,01,00198,,2,,2,,,,D,A,B,B,A,B,D,C,B,D,A
2,02,01,00200,,2,,2,,,,C,A,C,D,B,B,D,C,A,C,A
2,02,01,00202,,1,,2,,,,D,A,C,B,C,B,C,C,D,C,D
2,02,02,00001,,2,1,2,038,1,18,D,D,C,A,C,B,D,B,A,C,D
2,02,02,00003,,1,1,2,074,1,28,D,A,C,D,C,B,D,C,A,C,C
2,02,02,00007,,1,1,2,056,2,,B,B,C,D,A,B,D,C,A,C,D
2,02,02,00009,,1,1,2,074,1,28,D,A,C,C,C,B,D,C,A,C,D
2,02,02,00011,,2,1,2,055,1,28,D,A,A,D,C,C,D,C,A,C,D
2,02,02,00013,,2,1,2,074,1,28,D,D,C,A,A,B,D,B,A,C,D
2,02,02,00017,,2,1,2,074,1,28,A,D,C,B,B,B,D,D,A,C,D
2,02,02,00019,,2,1,2,074,1,18,D,A,C,B,C,B,A,A,A,C,D
2,02,02,00021,,1,1,2,074,1,18,C,A,C,A,C,B,D,B,C,C,C
2,02,02,00023,,2,1,2,074,1,28,D,D,C,D,A,B,D,A,B,A,D
2,02,02,00027,,1,1,2,074,1,18,D,A,C,C,C,B,D,B,A,C,D
2,02,02,00029,,1,1,2,074,1,28,D,A,A,A,B,D,B,B,A,D,C
2,02,02,00031,,2,1,2,078,2,,D,A,A,B,A,B,C,C,A,C,D
2,02,02,00033,,2,1,2,038,2,,C,A,C,A,B,B,D,C,A,D,D
2,02,02,00035,,1,1,2,078,1,28,D,D,C,A,C,B,D,B,A,A,D
2,02,02,00037,,2,1,2,074,1,28,C,A,C,D,A,B,D,B,A,C,D
2,02,02,00039,,1,1,2,038,1,18,C,A,A,D,B,B,C,A,A,C,D
2,02,02,00041,,2,1,2,013,1,18,C,A,A,C,A,D,C,B,A,C,D
2,02,02,00043,,2,1,2,078,2,,D,A,C,C,A,D,D,B,A,A,C
2,02,02,00045,,2,1,2,074,2,,C,B,C,D,B,A,A,B,B,D,D
2,02,02,00047,,2,1,2,055,1,28,C,D,C,A,C,B,B,D,B,A,C
2,02,02,00051,,1,1,2,074,1,28,D,B,C,C,C,B,D,C,D,C,D
2,02,02,00053,,2,1,2,075,1,28,D,A,A,A,C,B,D,B,A,A,D
2,02,02,00055,,1,1,2,074,1,28,D,A,C,D,B,C,B,C,A,C,D
2,02,02,00057,,2,1,2,074,1,28,D,D,C,D,B,B,D,B,A,C,D
2,02,02,00059,,1,1,2,076,1,18,D,A,C,D,A,D,B,B,A,C,D
2,02,02,00061,,2,1,2,076,2,,D,D,A,B,B,B,D,B,A,A,C
2,02,02,00063,,1,1,2,074,1,28,D,A,A,C,A,B,D,C,A,C,C
2,02,02,00065,,1,1,2,074,1,28,C,A,C,C,B,B,D,C,A,A,D
2,02,02,00067,,1,1,2,078,2,,B,C,A,A,B,B,D,C,D,D,D
2,02,02,00069,,1,1,2,074,1,28,D,D,C,B,B,D,C,B,A,A,D
2,02,02,00071,,2,1,2,074,1,18,D,A,B,B,B,B,D,C,B,B,D
2,02,02,00073,,1,1,2,049,2,,B,D,A,C,A,B,B,B,A,A,D
2,02,02,00075,,2,1,2,078,1,28,D,A,C,C,B,B,A,C,B,D,A
2,02,02,00077,,1,1,2,056,2,,A,D,C,B,A,C,D,A,A,A,C
2,02,02,00079,,1,1,2,074,1,28,C,D,A,A,B,D,C,A,A,A,D
2,02,02,00080,,1,1,2,074,1,28,D,D,C,D,C,B,D,C,A,C,C
2,02,02,00082,,1,1,2,074,1,18,C,D,C,D,B,D,D,A,B,B,D
2,02,02,00086,,2,1,2,078,1,28,C,A,B,D,B,B,C,C,A,C,D
2,02,02,00088,,1,1,2,055,1,20,C,D,C,D,A,B,C,B,A,A,C
2,02,02,00090,,1,1,2,055,1,28,C,D,C,D,A,B,B,B,A,D,D
2,02,02,00092,,2,1,2,074,1,28,D,C,C,C,A,B,A,C,D,A,D
2,02,02,00094,,1,1,2,074,1,28,D,D,A,D,A,C,D,A,D,B,C
2,02,02,00096,,1,1,2,074,1,28,D,D,A,A,A,B,D,B,D,A,D
2,02,02,00098,,1,1,2,074,1,28,D,D,C,C,C,B,B,C,A,A,D
2,02,02,00100,,1,1,2,048,2,,A,A,C,D,B,D,A,B,D,C,A
2,02,02,00102,,1,1,2,078,1,20,D,A,A,D,B,B,D,C,A,A,D
2,02,02,00104,,1,1,2,074,2,,B,A,A,A,B,A,C,B,A,A,D
2,02,02,00106,,2,1,2,074,1,28,D,A,A,D,B,B,D,C,A,C,D
2,02,02,00108,,1,1,2,074,1,28,D,D,C,B,C,B,D,B,A,C,D
2,02,02,00113,,1,1,2,078,2,,A,D,A,C,A,B,D,C,A,A,C
2,02,02,00115,,1,1,2,052,2,,,D,A,D,B,B,C,A,A,C,D
2,02,02,00117,,2,1,2,074,1,28,D,A,A,D,B,B,A,C,A,C,D
2,02,02,00119,,2,1,3,076,2,,D,C,C,A,B,D,D,B,B,C,D
2,02,02,00121,,2,1,3,078,2,,D,B,B,A,B,C,B,C,D,C,C
2,02,02,00123,,2,1,3,055,1,18,C,B,C,D,B,B,B,B,A,C,D
2,02,02,00125,,2,1,3,074,1,28,D,D,C,B,C,B,D,C,A,C,D
2,02,02,00127,,1,1,3,076,2,,D,B,A,B,C,C,D,B,A,A,D
2,02,02,00129,,1,1,3,076,2,,C,A,C,A,B,B,D,B,A,A,C
2,02,02,00131,,1,1,3,078,2,,C,D,A,D,C,D,D,A,A,A,A
2,02,02,00132,,2,1,3,051,2,,D,D,C,A,A,B,D,B,D,A,C
2,02,02,00134,,2,,3,,,,D,A,C,D,C,C,A,D,B,C,D
2,02,02,00138,,2,2,3,074,2,,D,A,A,A,B,B,D,B,A,D,D
2,02,02,00140,,1,,3,078,1,28,C,D,A,A,A,B,D,C,A,D,C
2,02,02,00142,,2,,3,074,1,,B,D,A,B,B,B,D,C,A,C,D
2,02,02,00144,,2,,3,,,,C,A,C,D,B,B,D,B,B,C,D
2,02,02,00146,,2,,3,,,,D,A,C,D,A,C,C,D,A,C,D
2,02,02,00148,,1,,3,,,,C,A,C,D,C,C,C,B,A,C,D
2,02,02,00150,,1,,3,078,1,28,D,D,C,B,B,B,B,B,A,A,D
2,02,02,00152,,1,,3,074,1,,D,D,A,D,B,B,D,A,A,A,D
2,02,02,00155,,2,1,,074,1,28,A,B,A,A,B,B,D,C,D,C,B
2,02,02,00156,,2,1,2,056,2,,D,D,A,D,B,B,D,D,A,D,D
2,02,02,00002,,1,1,2,074,1,28,D,C,C,A,B,B,D,B,A,A,A
2,02,02,00004,,1,1,2,055,1,28,D,B,C,A,B,B,B,C,A,C,D
2,02,02,00006,,1,1,2,074,2,,C,A,A,A,B,B,D,C,A,C,C
2,02,02,00008,,2,1,2,074,1,28,B,A,C,A,B,B,D,B,A,A,D
2,02,02,00010,,2,1,2,078,2,,C,D,C,B,B,D,D,A,D,D,C
2,02,02,00012,,1,1,2,078,1,28,D,D,C,D,A,B,D,A,B,A,D
2,02,02,00014,,2,2,2,074,2,,B,B,C,D,C,D,C,C,A,A,C
2,02,02,00016,,2,1,2,074,1,28,D,D,D,D,A,D,D,B,A,A,D
2,02,02,00018,,2,1,2,079,2,,C,D,C,B,B,B,C,B,A,A,D
2,02,02,00020,,2,1,2,078,1,28,D,D,A,C,A,B,D,B,A,C,D
2,02,02,00024,,1,1,2,019,2,,D,A,A,D,C,B,D,C,A,C,D
2,02,02,00026,,1,1,2,074,1,28,D,A,C,D,B,B,D,C,B,C,C
2,02,02,00028,,1,1,2,003,2,,C,A,C,D,B,D,D,D,B,C,
2,02,02,00030,,1,1,2,074,1,28,D,D,C,D,A,D,C,C,A,A,A
2,02,02,00032,,1,1,2,048,2,,B,B,C,C,C,B,D,C,A,A,D
2,02,02,00034,,1,1,2,074,1,28,D,D,C,C,A,D,D,B,A,D,D
2,02,02,00036,,1,1,2,075,1,28,D,A,A,D,C,C,D,C,B,A,B
2,02,02,00038,,2,1,2,076,2,,B,C,C,B,C,C,D,A,A,B,A
2,02,02,00040,,2,1,2,075,1,28,C,B,B,A,B,D,C,D,A,C,C
2,02,02,00042,,1,1,2,074,1,28,D,B,C,D,B,B,D,C,A,C,D
2,02,02,00044,,2,1,2,078,1,18,D,A,C,D,A,B,A,A,D,D,D
2,02,02,00046,,2,1,2,075,1,28,D,B,C,C,B,B,D,C,D,D,A
2,02,02,00048,,1,1,2,038,1,18,C,A,A,A,C,B,D,C,A,A,D
2,02,02,00050,,1,1,2,074,1,28,C,D,C,D,B,B,B,C,D,D,C
2,02,02,00052,,1,1,2,012,1,19,D,D,C,D,B,B,D,C,A,A,C
2,02,02,00054,,1,1,2,078,2,,D,A,C,C,B,B,A,B,A,C,D
2,02,02,00056,,2,1,2,075,1,28,D,D,A,A,B,B,C,B,A,C,C
2,02,02,00058,,1,1,2,055,1,28,D,D,C,D,A,B,B,C,A,A,C
2,02,02,00060,,2,1,2,057,1,28,D,A,A,A,A,B,A,A,A,C,D
2,02,02,00062,,1,1,2,074,1,28,B,A,A,B,B,D,D,B,D,B,C
2,02,02,00066,,1,1,2,055,2,,D,D,A,D,B,B,D,A,A,C,C
2,02,02,00068,,2,1,2,074,2,,D,A,C,B,A,B,D,B,C,A,D
2,02,02,00070,,2,1,2,038,2,,B,A,B,A,B,B,C,B,D,A,D
2,02,02,00072,,1,1,2,074,1,28,D,A,A,D,B,B,C,C,D,C,D
2,02,02,00074,,2,1,2,074,1,18,D,A,A,A,B,D,D,B,A,C,D
2,02,02,00076,,1,1,2,056,2,,C,D,C,B,B,D,A,D,C,A,C
2,02,02,00078,,1,1,2,080,2,,B,A,C,C,B,B,D,A,A,A,D
2,02,02,00081,,1,1,2,078,1,20,D,B,A,C,B,C,D,C,A,C,C
2,02,02,00083,,2,1,2,074,1,18,C,B,A,D,B,B,D,B,A,A,C
2,02,02,00087,,2,1,2,078,1,28,D,D,C,C,B,B,D,D,B,C,A
2,02,02,00089,,1,1,2,055,2,,D,A,C,B,A,B,C,A,A,A,C
2,02,02,00091,,1,1,2,074,1,28,D,A,C,D,A,B,A,C,A,C,D
2,02,02,00093,,2,1,2,078,2,,C,D,A,D,C,C,D,B,B,C,D
2,02,02,00095,,1,1,2,055,2,,D,C,C,A,A,B,D,B,A,A,A
2,02,02,00097,,1,1,2,050,1,18,D,D,A,D,D,B,A,C,B,D,D
2,02,02,00099,,1,1,2,038,2,,C,D,C,C,B,B,D,C,A,A,D
2,02,02,00101,,2,1,2,074,1,28,C,D,A,C,A,B,D,A,B,C,D
2,02,02,00103,,2,1,2,074,1,28,D,A,A,D,D,B,C,C,A,C,D
2,02,02,00105,,1,1,2,078,1,20,D,A,A,D,A,B,D,B,A,A,C
2,02,02,00107,,1,1,2,074,1,28,C,A,A,B,B,C,A,C,D,A,C
2,02,02,00109,,2,1,2,078,1,28,C,A,A,A,B,D,D,A,A,C,C
2,02,02,00111,,2,1,2,078,1,28,D,D,D,D,B,D,D,B,B,C,C
2,02,02,00114,,2,1,2,074,1,28,B,D,C,D,B,B,D,C,B,D,C
2,02,02,00116,,2,1,2,075,1,28,B,D,C,D,B,B,D,B,B,C,D
2,02,02,00120,,2,1,3,055,1,20,C,D,A,B,A,B,C,B,A,D,D
2,02,02,00122,,1,1,3,055,2,,D,D,C,D,C,D,D,C,A,C,D
2,02,02,00126,,1,1,3,078,1,28,D,C,C,A,C,B,D,C,,,
2,02,02,00128,,2,1,3,074,2,,D,A,A,D,B,B,C,B,A,A,C
2,02,02,00130,,1,1,3,012,2,,D,A,A,D,C,B,B,C,A,C,D
2,02,02,00133,,1,1,3,078,2,,D,D,A,B,B,B,D,B,A,C,D
2,02,02,00135,,1,,3,074,1,18,D,D,C,D,A,B,D,C,A,C,D
2,02,02,00137,,1,,3,074,1,18,C,B,C,B,A,C,D,A,A,D,D
2,02,02,00139,,2,,3,,,,D,D,C,C,A,B,D,C,A,A,C
2,02,02,00141,,1,,3,,,,C,A,A,D,C,B,C,C,B,C,D
2,02,02,00143,,2,2,3,074,2,,D,D,C,C,B,B,A,B,D,C,D
2,02,02,00145,,1,,3,003,,,D,A,B,D,B,B,D,A,A,C,D
2,02,02,00147,,1,,3,075,1,28,D,D,C,D,A,B,D,D,D,A,C
2,02,02,00149,,2,,3,074,1,28,D,D,C,C,C,B,D,C,A,C,D
2,02,02,00151,,1,,3,,,,C,D,C,A,B,B,B,B,A,C,C
2,02,02,00153,,1,,,,,,C,D,A,B,B,B,C,A,A,D,D
2,02,02,00154,,1,,,,,,D,A,C,D,C,B,C,B,A,C,D
3,04,02,00001,25,1,1,1,032,1,16,C,D,C,A,B,B,D,C,D,C,D
3,04,02,00003,32,2,1,1,032,2,,D,A,A,B,B,B,B,A,D,D,C
3,04,02,00005,34,1,1,1,032,1,15,D,A,C,D,C,B,D,B,B,C,C
3,04,02,00009,27,1,1,1,032,1,16,B,A,C,D,B,B,D,B,A,A,D
3,04,02,00013,29,2,1,1,032,1,15,D,A,C,B,A,D,D,C,B,C,D
3,04,02,00015,36,1,1,1,032,1,15,D,B,C,B,B,A,B,A,A,A,C
3,04,02,00017,26,2,1,1,002,2,,D,B,C,D,B,B,A,C,A,C,D
3,04,02,00019,27,1,1,1,032,1,15,D,D,C,A,A,B,D,B,A,D,C
3,04,02,00021,36,1,1,1,032,1,15,C,C,A,B,B,C,D,C,B,B,A
3,04,02,00023,29,1,1,1,032,1,15,D,B,A,C,A,D,D,C,A,C,D
3,04,02,00025,32,1,1,1,032,1,15,A,A,A,B,D,B,D,A,D,A,A
3,04,02,00027,23,1,1,1,032,2,,A,A,C,C,B,A,D,B,B,A,B
3,04,02,00035,28,1,1,1,032,1,15,D,A,C,D,A,B,D,C,A,C,D
3,04,02,00029,30,2,1,1,012,1,11,C,B,A,C,B,B,C,B,A,A,A
3,04,02,00031,24,1,1,1,032,1,15,D,C,C,B,B,B,D,C,A,C,C
3,04,02,00037,27,1,1,1,032,1,15,C,A,A,A,C,D,D,C,C,B,D
3,04,02,00039,23,2,1,1,043,1,16,D,D,C,D,B,B,D,C,A,C,D
3,04,02,00041,32,2,1,1,047,1,20,C,D,C,B,B,D,A,C,B,A,D
3,04,02,00045,24,1,1,1,043,1,21,D,D,C,C,A,B,D,C,B,C,A
3,04,02,00047,28,1,1,1,032,1,15,B,C,A,B,C,B,D,A,A,A,A
3,04,02,00053,27,2,1,1,081,1,12,C,B,C,D,B,B,D,B,B,A,C
3,04,02,00055,27,1,1,1,032,1,15,D,D,A,D,A,,D,C,C,A,A
3,04,02,00057,33,1,1,1,022,2,,D,D,C,B,A,B,D,C,A,A,D
3,04,02,00061,24,2,1,1,047,1,22,C,C,C,A,D,C,D,C,D,C,D
3,04,02,00065,32,2,1,1,012,1,20,C,D,A,C,A,C,D,C,A,C,D
3,04,02,00067,27,1,1,1,032,1,15,D,A,A,A,A,A,A,D,B,A,C
3,04,02,00069,22,1,1,1,032,1,15,C,D,A,A,A,C,B,B,D,D,D
3,04,02,00071,25,1,1,1,032,2,,B,A,A,A,B,C,A,A,A,A,D
3,04,02,00073,26,2,1,1,072,2,,D,A,C,D,B,D,A,B,A,C,D
3,04,02,00075,24,1,1,1,032,1,15,C,D,A,A,A,C,B,B,D,D,D
3,04,02,00085,23,1,1,1,032,1,15,B,D,A,B,A,D,C,C,A,B,D
3,04,02,00087,29,1,1,1,032,1,15,D,D,C,D,A,B,D,C,A,C,D
3,04,02,00089,28,1,1,1,032,1,15,C,A,C,D,B,B,D,C,A,C,C
3,04,02,00091,33,2,1,1,032,1,16,D,D,A,A,B,B,D,A,C,A,A
3,04,02,00093,25,2,1,1,032,1,15,D,D,A,B,B,B,B,C,A,D,C
3,04,02,00095,28,1,1,1,032,2,,D,A,C,A,B,D,B,B,A,A,B
3,04,02,00097,26,2,1,1,032,1,15,D,A,C,B,A,B,D,B,A,C,D
3,04,02,00099,22,2,1,1,041,2,,D,A,A,D,A,B,D,B,A,C,D
3,04,02,00101,23,2,1,1,032,1,15,B,A,C,B,B,D,C,C,A,A,C
3,04,02,00105,23,2,1,1,081,1,17,B,A,C,D,B,B,D,C,A,C,D
3,04,02,00109,40,1,1,1,032,1,15,D,,C,A,,B,D,B,A,D,D
3,04,02,00111,24,1,1,1,032,1,15,D,A,C,C,A,B,D,B,B,A,A
3,04,02,00113,58,1,1,1,032,2,,C,D,A,B,A,B,D,B,A,D,D
3,04,02,00117,31,2,1,1,032,1,15,D,A,C,D,B,B,D,C,A,C,D
3,04,02,00121,26,1,1,1,032,1,15,C,A,C,A,B,A,D,A,A,A,C
3,04,02,00125,29,1,1,1,081,1,17,D,D,C,D,C,D,D,B,A,C,C
3,04,02,00127,58,1,1,1,032,1,15,D,C,A,B,A,D,,C,D,D,C
3,04,02,00129,31,1,1,1,032,1,15,D,D,C,C,B,B,D,B,D,A,D
3,04,02,00131,29,1,1,1,006,2,,C,A,B,A,D,C,C,C,D,B,A
3,04,02,00137,26,2,1,1,032,1,16,C,D,A,A,C,D,C,B,C,D,B
3,04,02,00139,33,2,1,1,032,1,17,C,A,A,B,B,D,C,D,B,A,C
3,04,02,00141,39,1,1,1,046,2,,D,A,C,D,B,B,A,D,A,D,D
3,04,02,00143,28,1,1,1,023,1,13,D,A,C,A,A,B,D,A,A,C,C
3,04,02,00145,39,2,1,1,043,1,21,D,A,C,D,C,B,D,A,A,C,D
3,04,02,00147,22,2,1,1,032,1,15,D,A,C,D,B,B,D,B,A,A,C
3,04,02,00149,24,2,1,1,032,1,15,D,D,C,B,C,C,D,C,A,C,D
3,04,02,00153,30,1,1,1,032,1,15,C,A,A,C,B,D,D,B,A,A,A
3,04,02,00155,28,2,1,1,002,1,13,C,D,A,B,C,C,A,D,A,C,C
3,04,02,00157,23,2,1,1,032,1,15,D,D,A,C,A,B,D,C,A,D,D
3,04,02,00159,48,1,1,1,032,1,15,B,B,C,B,A,B,D,B,A,A,D
3,04,02,00165,28,1,1,1,002,1,12,D,D,C,C,C,B,D,C,A,D,D
3,04,02,00167,28,1,1,1,032,1,15,D,D,C,D,A,B,C,C,A,C,D
3,04,02,00169,35,1,1,1,017,2,,C,C,C,C,B,B,D,D,D,B,
3,04,02,00171,33,1,1,1,032,1,15,B,A,A,B,B,D,D,A,D,A,A
3,04,02,00175,41,1,1,1,032,2,,B,B,A,B,C,D,D,B,C,B,A
3,04,02,00177,25,2,1,1,032,1,15,D,D,A,B,A,B,D,C,A,C,D
3,04,02,00179,29,1,1,1,032,1,15,B,D,C,D,A,B,C,B,A,C,A
3,04,02,00181,36,1,1,1,063,2,,D,D,A,D,C,B,D,B,A,C,D
3,04,02,00183,34,1,1,1,043,1,21,C,A,C,C,A,B,A,C,A,C,D
3,04,02,00185,27,1,1,1,032,1,15,D,A,C,D,A,B,D,B,A,D,D
3,04,02,00187,54,2,1,1,085,1,08,C,C,C,B,A,D,B,D,B,A,A
3,04,02,00193,29,1,1,1,043,1,21,D,A,C,A,B,B,D,B,A,A,D
3,04,02,00195,29,1,1,1,032,1,15,D,A,C,A,C,B,D,B,A,B,C
3,04,02,00197,26,2,1,1,081,2,,C,D,C,A,C,B,C,B,C,C,D
3,04,02,00199,47,1,1,1,032,2,,D,A,C,D,B,B,C,C,A,C,B
3,04,02,00201,29,2,1,1,032,1,15,C,B,C,A,A,B,D,A,A,A,C
3,04,02,00203,32,1,1,1,032,2,,B,D,A,A,A,B,D,A,A,A,B
3,04,02,00205,24,2,1,1,032,1,15,C,A,C,A,C,B,A,D,B,C,C
3,04,02,00207,34,2,1,1,032,1,15,D,D,C,A,C,B,D,B,A,D,D
3,04,02,00209,23,2,1,1,032,1,15,C,D,A,D,A,B,D,D,A,A,D
3,04,02,00211,27,2,1,1,017,1,12,D,A,C,B,B,C,D,D,A,C,D
3,04,02,00215,30,2,1,1,069,2,,C,A,C,D,A,B,D,B,A,C,D
3,04,02,00217,40,1,1,1,002,2,,B,C,D,A,A,B,C,C,B,C,B
3,04,02,00219,26,2,1,1,062,1,11,D,D,C,D,C,B,A,D,A,A,D
3,04,02,00221,23,2,1,1,001,2,,D,D,A,B,B,B,C,C,D,C,C
3,04,02,00223,24,1,1,1,032,1,15,C,B,C,B,A,B,D,B,A,A,D
3,04,02,00225,30,1,1,1,081,1,16,D,D,A,D,A,B,D,C,B,D,C
3,04,02,00227,29,1,1,1,032,1,15,D,D,C,B,B,D,D,A,A,D,B
3,04,02,00229,62,1,1,1,032,1,15,B,C,B,D,B,B,D,A,A,A,D
3,04,02,00233,25,2,1,1,015,1,11,C,D,C,A,D,D,B,C,A,A,C
3,04,02,00235,27,2,1,1,032,1,15,C,A,C,A,B,D,A,B,A,B,C
3,04,02,00237,57,1,1,1,032,1,15,C,D,D,D,B,B,D,B,A,A,C
3,04,02,00241,27,1,1,1,068,2,,C,D,A,B,B,B,D,B,B,C,D
3,04,02,00243,31,2,1,1,001,1,11,D,A,C,B,B,B,B,A,D,A,C
3,04,02,00245,23,1,1,1,043,2,,D,C,A,A,B,B,C,C,A,A,C
3,04,02,00249,26,2,1,1,032,1,15,C,A,A,B,C,B,D,B,A,D,D
3,04,02,00251,26,1,1,1,032,1,15,C,B,C,D,A,B,D,C,A,C,C
3,04,02,00253,30,1,1,1,006,2,,D,B,A,B,A,D,B,B,B,B,D
3,04,02,00255,31,2,1,1,032,1,15,D,D,A,C,C,B,D,A,A,A,D
3,04,02,00259,23,1,1,1,053,2,,D,D,C,D,A,B,D,C,A,C,D
3,04,02,00261,22,1,1,1,032,1,15,D,D,C,A,B,D,D,C,A,A,D
3,04,02,00265,26,2,1,1,032,1,15,D,D,A,D,B,B,D,C,A,A,D
3,04,02,00267,22,1,1,1,032,1,15,D,A,C,B,A,C,D,A,D,D,D
3,04,02,00269,64,1,1,1,032,2,,C,C,A,D,A,B,A,D,A,C,D
3,04,02,00271,24,2,1,1,032,1,15,C,D,B,B,A,B,D,B,D,D,A
3,04,02,00273,26,1,1,1,032,2,,A,C,A,A,D,C,D,A,D,C,D
3,04,02,00275,26,2,1,1,029,2,,D,D,C,D,A,D,D,A,A,C,C
3,04,02,00277,27,1,2,1,032,2,,C,D,A,C,B,B,D,B,A,C,D
3,04,02,00279,24,1,1,1,032,1,15,D,A,A,B,B,B,D,B,A,C,C
3,04,02,00283,23,1,1,1,032,1,15,D,D,A,B,B,B,C,C,A,A,C
3,04,02,00285,31,2,1,1,083,1,12,D,A,C,B,B,B,A,C,A,C,D
3,04,02,00287,38,2,1,1,032,1,15,D,A,A,A,C,B,D,D,A,A,C
3,04,02,00293,24,1,1,1,032,2,,D,A,C,C,A,D,B,C,A,B,D
3,04,02,00295,26,1,1,1,039,1,21,D,A,B,D,A,B,D,A,A,C,C
3,04,02,00299,23,1,1,1,032,1,15,C,A,A,B,B,B,D,C,A,A,D
3,04,02,00301,23,1,1,1,032,1,15,D,A,C,B,B,C,D,C,B,A,C
3,04,02,00307,24,1,1,1,032,1,16,D,C,C,D,B,B,A,A,A,C,C
3,04,02,00309,37,1,1,1,022,1,16,D,A,C,A,A,B,D,C,A,C,D
3,04,02,00311,27,1,1,1,032,2,,C,C,C,D,A,B,D,C,A,A,A
3,04,02,00315,41,2,1,1,032,1,15,C,B,D,C,A,B,C,D,A,B,D
3,04,02,00317,63,1,1,1,032,1,15,C,D,C,A,B,D,D,A,D,A,A
3,04,02,00323,30,1,1,1,023,1,13,D,D,D,C,C,B,A,D,D,A,C
3,04,02,00329,24,1,1,1,032,1,15,D,D,A,A,C,B,D,A,A,C,D
3,04,02,00331,26,1,1,1,032,1,15,D,A,C,D,C,B,A,C,A,A,D
3,04,02,00333,55,1,1,1,001,1,11,C,C,C,D,C,B,D,A,D,C,C
3,04,02,00337,23,2,1,1,032,1,15,D,D,A,A,C,B,B,C,D,D,D
3,04,02,00339,29,1,1,1,032,1,15,D,D,C,C,C,B,C,A,A,C,D
3,04,02,00341,25,2,1,1,032,1,15,D,D,A,B,B,B,D,B,A,A,C
3,04,02,00343,32,2,1,1,032,1,15,C,D,A,A,C,B,D,C,A,C,C
3,04,02,00345,30,2,1,1,032,1,15,D,D,C,C,A,D,D,C,A,A,C
3,04,02,00347,25,2,1,1,032,1,15,C,D,A,A,A,C,D,C,D,A,C
3,04,02,00349,35,1,1,1,032,2,,D,A,C,D,A,B,D,C,A,D,D
3,04,02,00351,26,2,1,1,032,1,15,D,A,A,A,C,D,D,B,B,A,C
3,04,02,00353,31,2,1,1,032,2,,B,A,C,A,A,C,D,B,A,C,A
3,04,02,00355,24,2,1,1,032,2,,D,D,A,B,B,C,D,C,A,B,D
3,04,02,00357,28,1,1,1,032,1,15,D,D,C,A,C,B,D,B,A,C,D
3,04,02,00363,28,1,1,1,032,1,15,C,D,C,A,B,B,A,A,B,A,C
3,04,02,00002,32,2,1,1,065,2,,D,A,A,B,B,B,D,A,A,C,D
3,04,02,00004,27,2,1,1,032,1,15,C,D,C,A,A,B,D,C,A,D,C
3,04,02,00006,33,2,1,1,070,2,,C,B,A,D,B,B,D,C,A,C,D
3,04,02,00008,27,2,1,1,032,1,15,B,C,C,A,A,B,C,A,A,D,C
3,04,02,00010,28,1,1,1,032,1,15,C,D,B,D,C,B,D,C,A,C,D
3,04,02,00014,23,1,1,1,032,1,15,D,D,A,D,A,B,D,C,A,D,D
3,04,02,00018,34,1,1,1,064,1,24,D,C,A,D,A,B,D,C,A,A,C
3,04,02,00020,42,1,1,1,032,1,15,D,A,C,D,A,B,D,A,A,A,D
3,04,02,00022,34,2,1,1,081,1,12,C,A,C,D,C,B,D,A,A,C,D
3,04,02,00024,23,1,1,1,032,1,15,D,D,C,D,A,B,D,B,A,D,D
3,04,02,00026,24,2,1,1,032,1,15,D,D,C,D,A,C,D,B,B,D,D
3,04,02,00028,26,2,1,1,032,1,15,D,A,C,D,C,B,D,C,A,D,C
3,04,02,00034,29,1,1,1,032,1,15,D,A,C,B,B,B,D,B,A,A,D
3,04,02,00036,37,1,1,1,032,1,15,D,A,C,B,C,B,D,B,A,A,C
3,04,02,00038,24,2,1,1,032,1,17,C,C,A,B,A,D,D,C,A,D,D
3,04,02,00040,29,1,2,1,017,2,,D,D,C,D,A,B,B,B,A,C,D
3,04,02,00042,47,1,1,1,032,1,15,D,B,A,A,B,C,A,C,B,A,D
3,04,02,00044,28,1,1,1,032,1,15,D,D,C,D,A,D,D,C,A,A,D
3,04,02,00046,49,1,1,1,032,1,15,B,D,C,B,B,D,D,C,A,D,C
3,04,02,00048,26,1,1,1,032,1,15,D,D,C,D,C,B,D,A,A,A,D
3,04,02,00050,33,1,1,1,081,1,12,D,D,A,D,A,B,B,B,A,C,D
3,04,02,00052,26,1,1,1,032,1,15,C,A,C,B,A,B,D,B,B,A,C
3,04,02,00054,25,2,1,1,015,1,11,D,A,C,D,A,D,D,C,A,C,D
3,04,02,00056,27,2,1,1,032,1,15,B,A,C,A,B,C,A,B,D,A,C
3,04,02,00058,27,1,1,1,032,1,15,D,A,C,A,B,B,D,C,A,A,D
3,04,02,00060,26,1,1,1,032,1,15,D,D,A,D,B,B,D,D,A,C,C
3,04,02,00064,29,1,1,1,032,1,17,B,A,C,B,B,B,C,C,A,A,C
3,04,02,00068,32,1,1,1,032,1,15,D,D,C,B,B,B,D,C,A,D,D
3,04,02,00070,31,1,1,1,002,2,,C,A,C,B,B,D,D,C,A,A,D
3,04,02,00072,22,1,1,1,032,1,15,D,A,C,C,A,B,D,B,A,A,C
3,04,02,00076,23,1,1,1,032,1,15,C,D,A,C,C,B,D,C,A,C,D
3,04,02,00078,33,1,1,1,014,1,12,D,A,C,B,A,B,D,C,A,C,A
3,04,02,00080,32,2,1,1,032,1,15,D,A,C,D,A,B,D,A,A,C,D
3,04,02,00082,26,2,1,1,084,2,,D,C,A,D,A,B,D,B,A,C,D
3,04,02,00088,28,1,1,1,032,1,15,D,A,C,A,C,B,D,C,A,C,D
3,04,02,00090,22,2,1,1,001,2,,D,D,A,B,B,B,,C,A,D,D
3,04,02,00092,30,2,1,1,012,2,,C,D,C,D,B,B,D,C,A,C,D
3,04,02,00094,25,1,1,1,047,1,22,D,A,C,A,B,B,D,B,A,C,D
3,04,02,00096,34,2,1,1,032,1,15,D,A,C,C,C,B,D,C,A,D,D
3,04,02,00100,25,1,1,1,032,1,15,D,A,A,D,B,B,D,C,A,C,D
3,04,02,00102,30,2,1,1,032,1,15,D,D,A,B,A,C,B,C,A,A,C
3,04,02,00104,26,1,1,1,032,1,15,D,A,C,D,C,B,D,A,A,A,D
3,04,02,00106,45,2,1,1,032,1,15,D,C,B,D,B,D,D,B,B,D,D
3,04,02,00108,41,2,1,1,032,2,,D,A,C,D,B,B,A,D,B,A,D
3,04,02,00110,26,2,1,1,032,1,15,B,D,C,D,C,B,B,A,A,C,D
3,04,02,00112,34,2,1,1,018,1,12,D,D,C,C,B,A,D,C,B,B,C
3,04,02,00114,36,2,1,1,032,1,15,C,D,A,A,B,B,D,C,B,C,D
3,04,02,00116,24,1,1,1,032,1,15,C,A,C,B,A,B,D,C,A,C,C
3,04,02,00118,29,1,1,1,032,1,15,D,A,C,B,A,B,A,D,A,A,A
3,04,02,00120,30,2,1,1,071,1,17,A,A,A,C,C,B,D,A,A,A,D
3,04,02,00122,23,1,1,1,032,1,15,B,A,A,B,B,B,D,A,B,C,C
3,04,02,00124,45,1,1,1,029,2,,D,A,C,D,C,B,D,A,D,C,D
3,04,02,00126,24,2,1,1,015,1,11,D,A,A,D,B,B,D,C,A,C,C
3,04,02,00128,25,1,1,1,047,1,22,D,A,C,B,A,D,C,B,A,C,D
3,04,02,00130,39,1,1,1,012,1,11,D,D,C,D,C,C,D,B,A,D,D
3,04,02,00132,26,2,1,1,032,1,15,B,A,C,B,B,B,D,B,A,B,A
3,04,02,00134,43,2,1,1,014,1,12,B,A,C,B,A,B,D,C,A,D,A
3,04,02,00138,25,1,1,1,032,1,15,D,D,C,D,B,B,D,C,A,A,C
3,04,02,00140,29,1,1,1,032,1,15,B,A,A,A,A,B,D,D,A,A,D
3,04,02,00144,29,1,1,1,032,1,15,D,D,C,B,C,B,D,C,A,C,D
3,04,02,00146,23,1,1,1,032,1,15,C,D,C,A,C,B,D,B,A,A,D
3,04,02,00148,24,2,1,1,032,1,15,C,C,C,D,B,B,A,C,A,C,D
3,04,02,00150,25,2,1,1,032,1,15,D,D,C,C,B,B,D,A,A,A,B
3,04,02,00152,37,1,1,1,060,2,,D,D,C,C,B,C,D,A,A,D,A
3,04,02,00154,29,1,1,1,032,1,15,D,D,A,D,A,C,B,B,C,A,D
3,04,02,00158,25,1,1,1,018,1,12,D,A,C,A,C,B,C,B,A,A,D
3,04,02,00160,26,1,1,1,032,1,16,D,D,C,A,C,B,B,A,A,C,D
3,04,02,00162,63,1,1,1,032,1,15,C,B,A,B,A,D,A,B,C,C,C
3,04,02,00164,33,1,1,1,012,1,11,D,A,A,B,B,C,C,A,B,D,A
3,04,02,00166,24,1,1,1,032,1,15,D,B,A,B,B,C,C,C,B,A,C
3,04,02,00168,29,1,1,1,032,1,15,B,A,B,B,A,D,C,C,A,C,D
3,04,02,00170,26,2,1,1,032,1,15,C,C,C,B,C,B,D,B,A,C,C
3,04,02,00172,30,2,1,1,032,1,15,D,D,C,B,B,B,B,A,A,C,D
3,04,02,00174,30,1,1,1,032,1,15,C,A,C,B,A,C,C,A,D,A,C
3,04,02,00176,25,1,1,1,032,1,15,D,B,A,A,C,B,D,C,A,C,D
3,04,02,00178,28,1,1,1,081,1,12,D,D,C,C,A,B,D,B,A,C,D
3,04,02,00180,43,1,1,1,032,1,15,C,D,A,A,C,B,C,C,A,A,D
3,04,02,00182,34,2,2,1,032,2,,D,D,A,B,A,B,D,C,A,C,D
3,04,02,00186,31,2,1,1,032,1,17,C,A,A,D,A,B,D,B,B,C,C
3,04,02,00188,50,1,1,1,018,1,12,D,D,C,A,C,B,D,C,A,A,C
3,04,02,00192,36,1,1,1,029,2,,D,D,A,A,A,B,B,B,B,C,D
3,04,02,00196,31,1,2,1,032,2,,D,A,C,D,B,B,D,C,A,A,D
3,04,02,00200,37,2,1,1,017,2,,D,D,C,C,A,D,C,C,A,C,D
3,04,02,00204,26,2,1,1,032,1,15,C,D,A,B,A,B,C,A,A,A,A
3,04,02,00206,24,1,1,1,032,1,15,D,A,C,A,B,B,D,C,A,A,D
3,04,02,00214,24,2,1,1,032,1,15,D,A,A,A,A,C,D,C,D,C,C
3,04,02,00216,39,1,1,1,032,1,15,D,C,C,D,A,B,D,B,A,A,A
3,04,02,00218,27,1,1,1,032,1,15,D,A,C,B,A,D,D,B,A,C,D
3,04,02,00220,28,1,1,1,032,1,15,B,D,A,B,C,A,B,D,A,B,C
3,04,02,00224,27,2,1,1,032,1,15,D,B,A,D,B,B,D,C,A,A,A
3,04,02,00226,25,2,1,1,032,1,15,D,A,C,C,B,B,A,C,A,A,D
3,04,02,00228,40,2,1,1,032,1,15,D,A,C,D,C,B,D,B,A,C,D
3,04,02,00236,28,1,1,1,032,1,15,C,B,A,A,A,D,D,B,A,A,A
3,04,02,00238,24,1,1,1,032,1,15,C,D,C,B,A,B,D,C,B,C,C
3,04,02,00246,28,1,1,1,032,1,15,D,D,B,B,A,C,D,B,C,A,D
3,04,02,00250,28,1,1,1,032,1,15,D,A,A,B,C,C,D,A,A,C,D
3,04,02,00252,24,2,1,1,032,2,,C,A,A,B,A,C,D,B,A,A,D
3,04,02,00254,26,1,1,1,032,1,15,C,A,C,D,C,B,D,C,A,A,D
3,04,02,00258,25,1,1,1,032,1,15,D,D,A,A,C,B,D,C,A,D,D
3,04,02,00260,25,2,1,1,032,1,15,D,C,C,D,A,B,D,C,A,C,D
3,04,02,00264,27,2,1,1,002,1,13,D,D,A,A,A,B,D,C,A,C,D
3,04,02,00266,24,1,1,1,032,2,,D,D,A,D,A,B,D,C,A,C,D
3,04,02,00268,23,1,1,1,032,1,15,D,A,C,D,A,B,D,C,A,C,D
3,04,02,00270,28,2,1,1,047,1,17,C,D,A,A,B,B,C,B,A,A,D
3,04,02,00272,24,1,1,1,032,1,15,D,A,C,A,C,B,A,C,A,C,D
3,04,02,00274,34,2,1,1,032,1,15,D,A,A,B,A,B,C,C,A,C,D
3,04,02,00276,61,2,1,1,032,1,15,D,A,C,B,C,B,D,B,A,D,D
3,04,02,00278,55,2,1,1,032,1,15,C,B,A,B,A,C,C,D,A,A,D
3,04,02,00280,58,1,1,1,032,1,15,B,C,C,D,A,B,D,A,D,C,D
3,04,02,00282,23,1,1,1,032,1,17,D,B,A,B,C,B,D,A,A,A,C
3,04,02,00284,28,1,1,1,032,1,15,D,B,,D,C,B,,C,A,C,D
3,04,02,00286,31,1,1,1,032,1,15,D,D,A,D,C,D,D,C,A,A,B
3,04,02,00288,27,1,1,1,032,1,15,B,D,C,D,B,B,D,B,A,C,A
3,04,02,00292,57,1,1,1,032,1,15,D,A,A,C,A,B,D,C,B,A,D
3,04,02,00294,28,1,1,1,032,1,15,D,D,A,B,B,B,D,C,A,C,C
3,04,02,00296,28,2,1,1,083,1,12,D,D,C,B,A,B,B,D,A,B,C
3,04,02,00300,31,1,1,1,032,1,17,D,D,C,D,B,B,D,C,A,C,D
3,04,02,00302,28,1,1,1,032,1,15,C,A,C,B,B,A,D,D,D,B,A
3,04,02,00304,34,1,1,1,032,1,15,B,A,A,B,B,B,D,C,D,A,D
3,04,02,00308,40,1,1,1,032,1,15,C,A,C,D,A,C,C,C,A,A,D
3,04,02,00310,23,1,1,1,032,1,15,D,A,A,A,C,B,D,C,A,D,D
3,04,02,00312,27,2,1,1,032,2,,C,B,A,B,A,B,D,,D,A,A
3,04,02,00316,26,2,1,1,032,1,15,C,A,C,B,A,B,C,C,A,C,D
3,04,02,00320,58,1,1,1,047,2,,D,C,C,A,C,B,B,C,A,A,D
3,04,02,00322,24,1,1,1,032,1,15,C,A,B,D,A,D,C,B,A,C,D
3,04,02,00324,30,2,1,1,032,1,15,A,D,A,B,B,B,D,B,A,C,D
3,04,02,00326,59,1,1,1,032,1,15,D,A,C,B,C,C,A,C,A,A,D
3,04,02,00330,46,1,1,1,032,1,15,D,D,D,D,D,D,D,D,D,D,D
3,04,02,00332,30,2,1,1,032,1,15,D,D,C,D,A,B,D,B,A,A,D
3,04,02,00336,28,1,1,1,002,1,18,D,D,A,B,A,D,D,B,B,B,C
3,04,02,00338,25,1,1,1,032,1,15,D,A,C,B,C,B,D,C,A,A,D
3,04,02,00340,26,1,1,1,032,1,15,B,A,A,A,B,A,D,D,C,A,D
3,04,02,00342,26,1,1,1,032,1,15,B,A,C,B,C,D,D,C,A,A,C
3,04,02,00344,23,1,1,1,040,2,,B,B,C,D,A,B,A,C,A,A,D
3,04,02,00346,23,1,1,1,001,1,16,C,D,C,B,B,B,D,B,A,C,C
3,04,02,00348,42,2,1,1,032,1,15,D,D,A,A,B,C,D,A,A,A,A
3,04,02,00352,25,1,1,1,032,1,15,B,D,C,B,B,C,D,A,A,C,D
3,04,02,00354,23,2,1,1,032,1,15,C,A,A,A,B,B,D,C,A,D,D
3,04,02,00356,25,1,1,1,032,1,15,C,D,A,B,C,B,C,D,A,C,D
3,04,02,00358,27,1,1,1,032,1,15,D,A,A,C,B,D,D,B,A,C,C
3,04,02,00360,25,1,1,1,032,1,15,B,A,A,A,B,D,B,B,D,A,C
3,04,02,00364,24,1,1,1,032,1,15,D,D,A,C,D,C,D,C,A,C,C
3,05,03,00001,28,1,1,2,029,1,,D,D,C,D,A,B,D,C,B,C,D
3,05,03,00003,29,1,1,2,029,2,,C,D,A,B,C,C,D,A,A,C,D
3,05,03,00005,25,1,1,2,029,2,,D,D,C,D,C,B,D,C,A,A,D
3,05,03,00007,33,2,1,2,029,1,,D,D,C,A,C,D,D,D,A,C,D
3,05,03,00009,40,1,1,2,029,1,,D,A,A,A,B,B,C,B,A,A,D
3,05,03,00011,38,1,1,2,029,1,,D,C,A,A,C,D,D,A,B,C,D
3,05,03,00013,31,1,1,2,029,1,,C,D,A,A,C,D,A,B,A,A,C
3,05,03,00015,34,1,1,2,029,1,,C,D,A,A,C,A,D,C,A,C,C
3,05,03,00017,37,2,1,2,029,1,,D,A,C,D,B,D,A,B,A,C,D
3,05,03,00019,29,2,1,2,029,2,,B,A,A,B,A,B,D,A,A,A,D
3,05,03,00021,31,2,1,2,029,1,,D,A,A,B,C,B,D,B,A,A,D
3,05,03,00023,29,2,1,2,029,2,,C,A,A,A,C,B,B,B,A,C,D
3,05,03,00025,39,2,1,2,029,1,,C,A,C,B,C,D,C,D,A,C,D
3,05,03,00027,28,2,1,2,029,1,,D,D,A,D,A,B,A,C,A,C,D
3,05,03,00029,29,2,1,2,029,1,,B,D,A,D,A,B,D,B,A,D,B
3,05,03,00031,26,1,1,2,029,1,,D,A,C,D,C,B,D,A,A,C,D
3,05,03,00033,34,1,1,2,029,1,,D,D,C,B,C,D,A,C,A,C,D
3,05,03,00035,29,2,1,2,029,1,,D,D,A,B,A,B,D,A,A,D,D
3,05,03,00037,47,2,1,2,029,1,,B,C,C,B,C,B,D,C,A,A,D
3,05,03,00039,30,2,1,2,029,1,,C,A,C,B,A,D,D,B,A,C,D
3,05,03,00041,31,1,1,2,029,1,,B,A,C,A,B,B,D,C,A,C,A
3,05,03,00043,27,2,1,2,029,2,,C,A,C,A,A,C,D,B,A,A,D
3,05,03,00045,29,2,1,2,029,2,,B,D,C,B,B,B,A,D,A,C,D
3,05,03,00047,47,1,1,2,029,1,,C,B,A,B,B,D,C,A,A,B,C
3,05,03,00049,31,1,1,2,073,1,,C,C,C,B,B,B,D,D,A,A,D
3,05,03,00051,39,2,1,2,029,1,,C,A,C,A,B,B,D,B,A,A,D
3,05,03,00053,33,2,1,2,018,1,,D,A,C,A,B,C,D,B,A,A,A
3,05,03,00055,,2,1,2,029,1,,B,D,C,B,B,B,A,B,A,D,D
3,05,03,00057,57,2,1,2,029,1,,C,A,B,D,C,D,D,B,A,A,C
3,05,03,00059,26,1,1,2,029,1,,C,B,C,B,B,D,D,B,A,C,D
3,05,03,00061,29,2,1,2,029,1,,D,A,A,A,A,B,D,B,A,A,D
3,05,03,00063,28,2,1,2,029,1,,B,C,C,B,D,D,D,B,D,A,A
3,05,03,00065,26,1,1,2,029,1,,D,A,C,B,A,B,B,C,A,C,D
3,05,03,00067,33,2,1,2,029,1,,D,B,C,A,C,B,D,A,D,C,C
3,05,03,00069,29,2,1,2,029,1,,D,A,A,B,A,B,D,C,A,A,D
3,05,03,00071,49,2,1,2,029,1,,C,C,A,A,A,B,D,C,A,A,D
3,05,03,00073,24,2,1,2,029,1,,C,A,A,A,B,B,D,C,B,A,A
3,05,03,00075,31,1,1,2,029,1,,D,D,C,B,B,C,D,B,B,A,D
3,05,03,00077,29,1,1,2,083,1,,C,A,C,C,A,B,C,C,A,A,C
3,05,03,00079,31,2,1,2,029,2,,D,D,C,C,D,D,D,A,C,A,D
3,05,03,00083,26,1,1,2,029,1,,D,A,A,D,B,D,A,B,D,C,C
3,05,03,00085,27,1,1,2,025,2,,B,A,C,B,B,B,D,C,A,A,D
3,05,03,00087,29,1,1,2,029,1,,C,C,A,B,C,D,A,A,B,A,D
3,05,03,00089,56,2,1,2,029,1,,C,D,A,A,B,D,C,A,D,A,D
3,05,03,00091,31,2,1,2,029,2,,D,A,A,D,C,B,D,A,A,D,D
3,05,03,00093,35,2,1,2,029,1,,C,A,C,D,A,B,D,B,A,C,D
3,05,03,00095,26,2,1,2,029,1,,D,A,C,A,C,B,D,C,A,C,B
3,05,03,00097,33,1,1,2,029,1,,D,A,A,D,C,B,D,A,D,C,D
3,05,03,00099,48,2,1,2,029,1,,D,A,A,B,C,B,C,B,A,A,D
3,05,03,00101,37,2,1,2,029,1,,D,A,C,A,A,B,D,B,A,C,D
3,05,03,00103,30,1,1,2,029,1,,C,A,C,B,B,B,D,D,A,A,D
3,05,03,00105,31,2,1,2,029,1,,D,A,C,A,C,D,B,B,A,D,C
3,05,03,00107,25,1,1,2,029,1,,D,D,C,A,A,B,C,B,B,C,D
3,05,03,00109,27,1,1,2,029,1,,D,A,C,A,C,B,D,B,A,A,C
3,05,03,00111,34,2,1,2,029,1,,D,D,C,D,A,B,D,C,A,D,D
3,05,03,00113,33,2,1,2,029,1,,C,A,B,B,C,B,A,C,C,A,C
3,05,03,00115,29,1,1,2,029,2,,C,B,A,B,D,D,D,A,C,A,D
3,05,03,00117,34,2,1,2,029,1,,C,A,A,B,B,B,C,A,D,A,C
3,05,03,00119,24,1,1,2,029,1,,D,B,C,A,B,C,D,C,A,C,A
3,05,03,00125,32,1,1,2,029,1,,D,C,A,D,B,B,A,B,A,A,D
3,05,03,00127,26,2,1,2,023,2,,D,D,A,A,C,B,D,C,A,C,D
3,05,03,00129,34,1,1,2,029,1,,B,D,A,C,A,B,B,C,A,A,D
3,05,03,00131,28,2,1,2,029,1,,B,B,A,A,B,D,A,B,A,D,B
3,05,03,00133,27,1,1,2,029,2,,A,B,A,B,C,C,B,B,B,D,C
3,05,03,00135,36,2,1,2,081,1,,C,D,A,A,B,D,A,A,D,A,C
3,05,03,00137,29,2,1,2,029,1,,C,A,A,B,B,D,A,D,D,A,C
3,05,03,00141,50,2,1,2,029,1,,B,A,A,B,A,B,A,C,B,A,D
3,05,03,00143,30,1,1,2,029,1,,B,B,C,A,A,B,B,B,D,D,C
3,05,03,00145,28,2,1,2,029,1,,D,D,C,D,C,A,D,C,A,A,D
3,05,03,00147,30,1,1,2,029,2,,D,A,C,D,C,B,D,C,A,C,D
3,05,03,00149,26,2,1,2,029,1,,D,D,A,B,A,B,C,B,A,A,D
3,05,03,00153,31,1,1,2,,1,,D,B,A,D,A,B,B,C,A,C,D
3,05,03,00155,30,1,1,2,029,1,,D,D,C,A,C,B,D,A,A,C,B
3,05,03,00157,29,2,1,2,029,1,,D,D,A,D,B,B,D,C,A,C,D
3,05,03,00159,24,2,1,2,081,1,,D,D,C,B,B,B,D,C,A,A,D
3,05,03,00002,26,1,1,2,029,1,,D,D,A,D,B,B,D,C,A,C,D
3,05,03,00006,35,1,1,2,029,2,,B,D,C,B,B,D,D,A,A,C,D
3,05,03,00008,29,2,1,2,029,1,,C,D,A,B,B,B,B,A,D,C,D
3,05,03,00010,25,1,1,2,029,2,,D,B,C,B,A,B,D,C,A,B,C
3,05,03,00012,28,2,1,2,018,1,,D,A,A,A,B,B,D,C,A,A,D
3,05,03,00014,24,2,1,2,029,1,,C,A,A,A,B,D,D,C,B,B,D
3,05,03,00016,30,1,1,2,029,1,,D,D,A,A,B,B,C,C,A,D,D
3,05,03,00018,28,1,1,2,029,2,,D,D,A,B,A,D,B,A,B,A,D
3,05,03,00020,26,1,1,2,029,2,,D,D,C,B,B,D,D,A,A,A,D
3,05,03,00022,,1,1,2,,2,,C,C,A,B,A,B,D,A,A,A,D
3,05,03,00024,42,2,1,2,029,2,,C,B,A,A,C,B,A,B,A,D,D
3,05,03,00026,33,1,1,2,029,2,,D,A,C,D,B,B,D,A,A,A,D
3,05,03,00028,31,2,1,2,029,1,,D,D,C,C,C,C,D,B,D,C,D
3,05,03,00030,29,1,1,2,029,1,,C,D,C,D,B,C,B,B,D,A,B
3,05,03,00032,44,2,1,2,029,1,,D,A,C,A,C,B,D,A,A,D,D
3,05,03,00034,26,2,1,2,029,2,,D,D,A,B,A,D,D,A,A,D,A
3,05,03,00036,29,1,1,2,029,1,,D,A,A,A,A,B,D,C,D,C,D
3,05,03,00038,,1,1,2,023,2,,D,D,A,A,,D,D,C,D,C,D
3,05,03,00040,28,2,1,2,029,1,,D,C,C,A,B,B,D,A,A,D,D
3,05,03,00042,25,2,1,2,029,1,,B,D,A,A,B,B,A,A,D,C,C
3,05,03,00044,32,1,1,2,029,1,,D,D,C,A,B,B,D,B,A,A,D
3,05,03,00046,29,2,1,2,029,1,,D,D,C,D,B,B,D,C,C,A,C
3,05,03,00048,,2,1,2,029,1,,D,D,A,D,B,D,C,D,A,C,D
3,05,03,00050,26,1,1,2,029,2,,C,B,C,B,B,D,C,B,A,D,D
3,05,03,00052,32,1,1,2,029,1,,C,A,C,B,B,C,C,C,A,C,C
3,05,03,00054,31,2,1,2,029,2,,D,B,B,B,B,C,D,B,C,A,D
3,05,03,00056,73,1,1,2,029,1,,C,C,A,D,C,B,A,A,A,C,D
3,05,03,00058,52,1,1,2,023,2,,C,C,C,B,A,D,C,B,C,A,C
3,05,03,00060,27,1,1,2,029,1,,D,A,C,C,B,B,D,B,A,C,D
3,05,03,00062,35,1,1,2,029,2,,D,A,C,B,B,D,A,B,A,A,C
3,05,03,00064,29,2,1,2,029,1,,C,B,B,D,B,B,D,B,C,A,D
3,05,03,00066,39,2,1,2,029,2,,B,A,A,B,B,B,B,B,A,A,D
3,05,03,00068,23,2,2,2,029,2,,D,A,C,A,C,B,B,B,A,C,D
3,05,03,00070,29,2,1,2,029,1,,D,A,C,D,C,C,D,B,A,A,D
3,05,03,00074,27,1,1,2,029,1,,A,C,A,A,A,A,C,A,D,A,A
3,05,03,00076,38,1,1,2,029,1,,C,D,C,B,B,B,D,C,A,A,C
3,05,03,00078,27,2,1,2,029,2,,D,A,A,C,B,B,B,C,A,C,C
3,05,03,00080,28,1,1,2,029,2,,D,A,C,C,C,B,D,C,A,C,D
3,05,03,00082,27,1,1,2,029,2,,C,C,A,B,B,B,C,D,D,A,A
3,05,03,00084,26,2,1,2,030,1,,C,D,C,B,B,C,D,A,A,D,A
3,05,03,00088,32,2,1,2,029,1,,D,A,A,A,B,B,D,A,A,D,D
3,05,03,00090,33,2,1,2,029,1,,D,D,C,D,C,C,D,C,B,D,D
3,05,03,00092,47,2,1,2,029,1,,B,D,B,B,A,B,C,A,A,B,C
3,05,03,00094,29,2,1,2,029,1,,D,D,A,A,C,B,A,B,A,A,C
3,05,03,00096,27,1,1,2,029,1,,D,A,C,D,B,B,B,A,A,C,D
3,05,03,00098,28,2,1,2,029,1,,D,D,D,A,D,B,D,C,B,A,A
3,05,03,00100,30,1,1,2,029,1,,D,A,C,D,A,B,D,B,A,C,D
3,05,03,00102,34,1,1,2,029,1,,D,A,C,B,B,B,C,B,A,A,A
3,05,03,00104,43,1,1,2,029,1,,D,A,A,A,A,B,D,B,A,C,D
3,05,03,00106,28,2,1,2,029,1,,D,A,C,B,C,B,D,B,A,C,D
3,05,03,00108,35,1,1,2,029,1,,D,A,C,D,C,C,D,C,A,A,D
3,05,03,00110,28,2,1,2,029,2,,D,D,A,A,A,D,D,B,C,D,C
3,05,03,00112,34,2,1,2,029,1,,D,A,C,B,C,B,D,B,A,D,D
3,05,03,00118,51,2,1,2,029,1,,D,B,A,B,A,D,D,B,A,B,C
3,05,03,00120,43,1,1,2,029,1,,C,B,A,A,B,D,D,A,A,A,D
3,05,03,00122,27,1,1,2,029,2,,D,A,C,D,B,B,A,D,A,A,D
3,05,03,00124,38,1,1,2,029,1,,D,A,C,C,B,B,A,C,A,A,D
3,05,03,00126,30,2,1,2,029,1,,D,D,B,B,C,C,D,D,A,A,B
3,05,03,00128,25,1,1,2,029,1,,D,D,C,B,B,B,D,B,A,A,D
3,05,03,00132,40,1,1,2,029,1,,C,A,A,B,C,B,C,C,A,D,D
3,05,03,00134,34,1,1,2,029,1,,D,D,A,C,B,D,D,B,A,A,C
3,05,03,00136,46,1,1,2,029,1,,B,C,D,A,A,C,D,B,A,B,A
3,05,03,00138,30,1,1,2,023,2,,D,A,A,B,C,C,D,D,A,C,D
3,05,03,00140,33,2,1,2,029,2,,C,D,C,D,B,B,D,C,D,A,C
3,05,03,00142,42,1,1,2,029,2,,D,B,B,C,A,C,C,A,D,D,D
3,05,03,00144,25,1,1,2,029,1,,C,B,C,B,A,C,A,C,D,A,C
3,05,03,00146,31,2,1,2,029,1,,D,D,A,B,A,B,D,B,A,D,C
3,05,03,00148,61,1,1,2,029,1,,C,D,A,B,B,A,D,C,C,A,D
3,05,03,00150,,1,1,2,029,1,,C,D,A,A,A,B,D,D,D,B,B
3,05,03,00152,26,2,1,2,029,2,,D,A,A,A,B,B,C,C,A,C,D
3,05,03,00156,27,1,1,2,029,1,,D,D,A,B,A,B,B,C,A,A,D
3,05,03,00158,54,1,1,2,063,2,,C,C,C,D,A,C,B,B,A,C,D
3,05,03,00160,,2,1,2,029,1,,D,B,C,B,C,D,D,B,A,D,D
4,07,03,00001,26,2,1,2,046,2,,C,D,C,A,A,C,D,B,A,D,D
4,07,03,00003,26,1,1,2,009,2,,D,D,C,D,C,B,D,C,A,D,C
4,07,03,00005,30,2,1,2,039,2,,D,D,A,A,C,B,D,C,A,C,D
4,07,03,00007,38,2,1,2,042,2,,D,D,A,A,A,B,D,B,A,C,D
4,07,03,00011,24,1,2,2,020,2,,D,C,B,A,C,D,D,C,A,A,D
4,07,03,00015,24,2,1,2,022,1,12,D,A,C,D,A,B,D,C,A,C,D
4,07,03,00017,32,2,2,2,006,2,,D,A,C,B,B,B,D,C,A,D,D
4,07,03,00019,30,2,2,2,069,2,,A,A,A,B,A,B,B,B,B,A,A
4,07,03,00021,24,2,2,2,044,2,,D,A,C,A,A,C,D,C,A,C,D
4,07,03,00023,40,2,1,2,059,1,21,D,D,C,C,A,B,A,C,A,A,C
4,07,03,00027,31,1,1,2,022,2,,D,D,C,D,A,B,D,B,A,C,D
4,07,03,00029,29,2,1,2,035,1,21,C,D,A,A,C,B,A,B,A,D,A
4,07,03,00031,36,2,2,2,031,2,,D,B,C,B,A,B,D,C,A,A,A
4,07,03,00033,35,2,1,2,022,1,12,D,D,C,C,A,C,B,B,A,C,D
4,07,03,00037,33,1,1,2,073,1,27,D,D,C,D,B,B,D,B,A,D,D
4,07,03,00039,25,1,1,2,083,2,,D,A,C,C,B,B,D,A,A,B,D
4,07,03,00041,27,2,1,2,083,1,16,D,B,C,A,A,B,D,B,A,A,C
4,07,03,00043,32,1,1,2,033,2,,D,A,A,D,B,B,D,A,D,D,C
4,07,03,00047,31,2,1,2,059,1,21,D,A,C,D,C,B,D,D,A,D,D
4,07,03,00049,33,2,1,2,043,2,,B,D,C,A,C,B,B,A,A,A,C
4,07,03,00051,42,1,1,2,022,1,12,D,C,C,B,A,B,D,B,B,A,D
4,07,03,00053,25,1,1,2,059,1,21,D,D,C,D,A,B,D,B,A,C,D
4,07,03,00057,28,2,2,2,022,2,,D,A,C,D,A,B,D,C,A,C,D
4,07,03,00059,26,2,1,2,043,2,,D,A,C,D,A,B,D,B,A,C,D
4,07,03,00063,30,2,1,2,043,1,21,D,B,B,D,A,B,D,C,D,A,D
4,07,03,00065,40,2,1,2,009,2,,D,D,C,D,A,B,A,C,A,C,D
4,07,03,00067,26,2,1,2,083,2,,B,B,C,C,B,B,D,A,A,A,D
4,07,03,00069,27,2,1,2,009,2,,D,B,C,A,A,B,D,C,A,B,C
4,07,03,00071,46,1,1,2,031,1,10,D,D,C,D,B,B,B,C,A,C,D
4,07,03,00073,32,1,1,2,029,1,14,B,D,C,B,D,D,D,C,A,C,D
4,07,03,00077,24,2,1,2,043,1,21,C,A,A,B,C,B,D,C,A,C,C
4,07,03,00079,46,1,1,2,046,1,21,D,A,C,D,A,D,D,C,A,C,D
4,07,03,00081,28,2,1,2,022,1,12,D,D,C,A,B,B,B,D,A,D,D
4,07,03,00083,36,2,1,2,022,1,12,C,D,B,B,A,B,D,C,A,D,C
4,07,03,00087,29,2,1,2,031,1,16,D,D,A,D,A,C,D,A,A,C,D
4,07,03,00089,30,2,1,2,009,2,,D,A,C,B,C,B,D,B,A,A,D
4,07,03,00091,29,1,1,2,061,1,21,B,D,A,C,B,B,D,C,A,D,C
4,07,03,00093,32,2,1,2,027,2,,D,A,C,D,A,B,D,B,A,C,C
4,07,03,00095,25,2,1,2,044,1,06,D,A,C,D,A,B,D,C,A,D,D
4,07,03,00099,28,1,1,2,043,1,21,D,A,C,D,C,B,D,C,A,B,D
4,07,03,00101,35,1,1,2,029,2,,D,B,C,D,C,D,B,C,A,C,D
4,07,03,00103,24,2,1,2,044,1,06,D,A,C,B,C,B,C,C,A,D,C
4,07,03,00105,34,2,1,2,037,2,,C,A,C,C,C,B,C,C,A,C,D
4,07,03,00107,28,2,1,2,022,2,,C,A,C,B,A,B,D,C,A,C,C
4,07,03,00109,28,2,1,2,007,2,,D,D,C,C,C,B,D,C,A,B,D
4,07,03,00111,42,2,1,2,046,1,21,B,D,A,A,A,B,D,D,A,A,D
4,07,03,00113,34,2,1,2,037,2,,C,D,C,A,C,C,D,C,A,C,D
4,07,03,00115,30,1,1,2,009,1,10,D,A,C,D,A,B,D,C,A,A,D
4,07,03,00117,23,2,1,2,004,2,,D,A,C,B,A,D,D,C,A,C,D
4,07,03,00119,27,2,1,2,044,2,,D,D,C,B,A,B,A,D,A,C,D
4,07,03,00002,25,2,1,2,028,2,,D,B,B,A,A,B,D,B,A,D,D
4,07,03,00004,41,2,1,2,008,2,,D,D,C,D,A,B,D,D,A,D,D
4,07,03,00006,30,1,1,2,043,1,21,C,A,C,D,B,D,D,B,A,A,D
4,07,03,00008,24,1,2,2,009,2,,D,A,C,D,A,C,B,C,A,C,D
4,07,03,00010,27,1,1,2,032,1,15,D,A,A,B,A,B,D,A,A,A,C
4,07,03,00012,23,2,1,2,043,2,,C,D,C,B,C,D,A,C,A,C,D
4,07,03,00014,31,1,1,2,043,1,21,D,A,A,D,B,B,C,A,A,C,D
4,07,03,00016,28,2,2,2,066,2,,D,A,C,D,A,D,D,C,B,B,C
4,07,03,00018,31,2,1,2,039,2,,D,D,C,B,C,D,D,B,D,C,C
4,07,03,00020,28,1,1,2,044,2,,B,D,B,C,A,B,D,A,A,D,D
4,07,03,00022,27,2,1,2,043,1,21,D,D,C,B,A,B,D,C,A,C,D
4,07,03,00024,28,2,1,2,043,2,,D,A,C,D,B,B,A,D,A,A,D
4,07,03,00026,34,2,1,2,058,2,,D,A,C,C,A,B,D,C,A,C,D
4,07,03,00028,34,2,1,2,036,2,,D,A,C,D,C,B,D,C,A,A,C
4,07,03,00032,34,1,1,2,044,2,,D,D,C,B,B,B,D,C,A,A,D
4,07,03,00034,57,1,1,2,021,1,01,D,D,C,A,A,D,D,D,A,A,D
4,07,03,00036,47,2,1,2,031,1,16,D,A,C,D,A,B,D,B,A,A,D
4,07,03,00038,34,2,1,2,005,2,,D,D,A,D,B,B,B,B,D,C,D
4,07,03,00040,32,2,1,2,022,2,,C,A,A,B,C,B,C,A,B,A,D
4,07,03,00042,29,2,1,2,044,2,,D,A,C,D,C,B,D,C,A,C,D
4,07,03,00044,26,2,1,2,009,1,10,C,A,B,A,C,C,D,C,A,A,D
4,07,03,00046,23,2,1,2,009,1,10,D,A,C,D,C,C,D,B,A,D,C
4,07,03,00048,31,1,1,2,043,1,16,D,D,A,B,A,B,B,C,A,A,D
4,07,03,00050,27,2,1,2,059,2,,D,D,B,D,A,D,D,C,A,C,C
4,07,03,00052,26,1,1,2,035,2,,B,A,C,B,B,B,A,A,A,A,D
4,07,03,00054,25,1,1,2,044,2,,D,A,C,B,C,B,D,C,A,D,A
4,07,03,00056,27,2,1,2,009,1,10,D,A,C,D,A,C,D,C,A,C,D
4,07,03,00058,28,1,1,2,043,1,21,D,A,C,D,A,B,B,D,A,D,D
4,07,03,00060,24,2,1,2,046,2,,D,A,C,B,C,B,B,A,B,D,D
4,07,03,00062,26,1,1,2,043,1,21,D,A,C,B,C,B,D,C,A,C,D
4,07,03,00064,33,1,2,2,034,2,,B,D,C,D,C,B,D,B,A,C,D
4,07,03,00066,35,1,1,2,035,1,21,C,A,C,C,A,B,D,A,A,C,D
4,07,03,00068,28,1,1,2,044,1,06,D,A,C,D,B,B,D,D,A,C,D
4,07,03,00070,40,2,1,2,022,2,,D,A,C,B,A,D,D,B,A,C,D
4,07,03,00072,24,2,1,2,044,2,,C,D,C,D,A,D,D,C,A,C,D
4,07,03,00074,36,2,1,2,039,1,21,D,D,C,B,B,B,D,D,D,C,D
4,07,03,00076,27,1,2,2,044,2,,D,A,A,C,A,B,D,C,A,C,D
4,07,03,00078,24,2,1,2,044,2,,B,C,C,B,D,D,D,C,D,A,C
4,07,03,00080,25,2,1,2,039,1,21,D,D,A,B,B,C,D,C,C,A,B
4,07,03,00082,48,2,1,2,022,1,12,D,D,C,B,B,B,D,A,A,A,D
4,07,03,00084,31,1,1,2,009,2,,A,A,B,A,A,B,D,B,D,D,D
4,07,03,00086,27,1,1,2,043,2,,D,B,C,A,B,D,D,A,A,A,D
4,07,03,00088,32,1,1,2,031,1,10,D,A,A,B,B,B,D,C,B,B,D
4,07,03,00090,31,2,1,2,044,1,06,D,A,C,B,C,D,D,C,C,C,D
4,07,03,00092,32,2,1,2,026,2,,D,D,C,C,A,D,B,B,A,A,D
4,07,03,00098,26,2,1,2,082,2,,D,A,C,D,A,B,D,C,A,C,D
4,07,03,00100,40,2,1,2,022,2,,D,A,C,B,C,B,D,A,A,C,C
4,07,03,00102,34,1,2,2,022,2,,C,A,A,D,A,B,D,C,A,C,D
4,07,03,00104,26,1,1,2,069,2,,D,C,C,B,B,D,D,B,D,A,D
4,07,03,00106,57,1,1,2,022,1,17,C,B,D,B,B,A,A,A,C,A,C
4,07,03,00108,48,2,1,2,073,1,27,D,C,A,D,A,B,D,C,B,C,D
4,07,03,00112,40,2,1,2,006,2,,D,C,A,D,C,B,D,C,C,C,D
4,07,03,00114,40,1,1,2,059,1,21,D,D,A,A,A,D,D,C,A,C,D
4,07,03,00116,25,2,1,2,009,1,10,C,A,A,D,B,B,A,C,A,A,D
4,07,03,00118,57,1,1,2,046,2,,C,D,A,B,B,B,B,D,A,C,D
4,06,04,00001,34,1,1,2,043,1,,D,A,C,B,C,B,D,D,A,C,D
4,06,04,00003,28,1,1,2,043,1,21,D,D,C,C,A,B,D,B,D,C,D
4,06,04,00005,30,2,1,2,043,1,,D,A,D,B,B,C,D,A,A,D,D
4,06,04,00007,27,2,1,2,043,1,,D,D,C,B,B,B,D,C,A,C,D
4,06,04,00009,26,1,1,2,043,1,21,D,A,C,D,B,B,D,C,A,A,D
4,06,04,00013,36,1,1,2,083,2,,D,A,C,C,A,B,D,C,B,A,D
4,06,04,00015,26,2,1,2,081,1,,D,D,C,A,A,D,D,C,B,C,D
4,06,04,00017,29,1,1,2,043,1,21,D,C,C,D,C,B,D,B,B,D,D
4,06,04,00019,28,1,1,2,043,1,21,C,B,C,B,B,C,D,A,A,C,D
4,06,04,00023,38,1,1,2,043,1,,D,A,A,B,A,B,A,C,A,A,C
4,06,04,00025,43,1,1,2,027,2,,B,A,A,D,C,B,C,B,A,C,D
4,06,04,00027,25,2,1,2,043,1,21,D,C,B,C,A,B,D,A,A,D,C
4,06,04,00029,32,1,1,2,083,1,,D,D,B,B,B,B,D,A,A,D,D
4,06,04,00031,55,2,1,2,014,1,,D,D,A,D,A,B,A,D,A,C,D
4,06,04,00037,37,1,1,2,043,1,21,D,A,C,D,B,B,D,C,A,C,D
4,06,04,00033,42,1,1,2,043,2,,D,A,C,B,A,B,D,B,A,A,D
4,06,04,00035,54,1,1,2,043,1,21,C,D,C,C,A,D,D,C,A,D,D
4,06,04,00041,26,1,1,2,043,1,21,D,A,C,C,C,B,D,C,B,C,D
4,06,04,00043,26,1,1,2,081,1,,C,A,A,B,A,B,D,C,A,C,D
4,06,04,00045,26,2,1,2,043,1,,D,B,C,D,B,B,A,B,A,A,C
4,06,04,00047,25,2,1,2,011,1,21,B,C,A,D,B,D,A,A,A,C,D
4,06,04,00049,34,2,1,2,032,1,,D,A,C,D,A,B,D,C,A,C,C
4,06,04,00051,40,1,1,2,083,1,,D,A,C,D,A,B,D,A,A,D,D
4,06,04,00053,36,2,1,2,043,1,21,D,D,C,B,B,B,D,C,A,A,D
4,06,04,00055,34,2,1,2,032,1,,D,D,A,C,A,B,D,C,D,C,A
4,06,04,00057,29,1,1,2,043,1,21,D,D,C,C,A,D,D,C,A,C,D
4,06,04,00059,30,2,1,2,043,1,21,D,D,A,A,A,B,D,A,A,C,D
4,06,04,00061,29,1,1,2,043,1,21,D,A,C,A,B,B,D,C,A,C,D
4,06,04,00063,28,2,1,2,043,1,21,B,A,C,A,B,D,D,C,A,A,C
4,06,04,00065,29,2,1,2,043,1,21,D,C,C,C,B,B,D,B,A,A,D
4,06,04,00067,29,1,1,2,043,1,21,D,B,C,B,C,B,D,C,A,C,C
4,06,04,00069,22,1,1,2,043,1,21,D,A,C,C,C,D,D,C,A,A,D
4,06,04,00075,37,2,1,2,043,2,,B,A,C,B,C,C,C,B,A,A,A
4,06,04,00077,33,2,1,2,043,1,21,D,D,C,A,B,B,A,A,A,A,C
4,06,04,00079,41,2,1,2,043,2,,D,A,C,D,C,B,D,A,A,C,D
4,06,04,00081,24,1,1,2,043,1,21,B,A,C,B,A,C,C,C,A,A,C
4,06,04,00083,33,1,1,2,002,1,,D,A,C,A,C,B,C,C,A,D,D
4,06,04,00085,25,1,1,2,032,2,,D,D,C,B,C,D,D,C,A,C,C
4,06,04,00142,28,1,1,2,018,1,,D,A,C,D,B,D,D,B,D,D,B
4,06,04,00087,34,2,1,3,043,,,D,A,C,B,A,D,D,C,A,C,D
4,06,04,00089,54,2,1,3,016,,,B,C,A,A,B,C,D,D,A,C,D
4,06,04,00091,43,1,1,3,043,,,D,A,A,C,B,D,D,B,B,C,C
4,06,04,00093,35,2,1,3,029,,,D,D,C,D,B,B,A,D,A,C,D
4,06,04,00095,61,1,1,3,029,,,D,C,C,D,A,D,D,C,A,A,D
4,06,04,00097,36,1,1,3,054,,,C,A,C,D,A,B,D,C,A,C,D
4,06,04,00099,33,1,1,3,043,,,D,D,C,D,A,B,D,C,A,C,D
4,06,04,00105,34,1,1,3,043,,,D,A,C,D,A,B,B,D,B,C,D
4,06,04,00107,31,1,1,3,081,,,D,D,A,A,C,B,D,B,A,D,C
4,06,04,00111,32,2,1,3,043,,,D,B,B,D,B,B,D,A,A,A,D
4,06,04,00113,29,2,1,3,043,,,C,B,C,A,C,D,D,D,A,A,A
4,06,04,00115,25,1,1,3,036,,,D,A,C,D,B,B,D,C,A,D,D
4,06,04,00117,31,2,1,3,043,,,D,A,C,D,B,B,D,D,A,C,D
4,06,04,00119,42,2,1,3,010,,,D,A,C,A,A,B,D,C,A,C,D
4,06,04,00121,28,2,1,3,043,,,D,A,C,D,B,D,D,C,A,C,D
4,06,04,00123,27,1,1,3,043,,,C,D,A,B,B,D,D,A,A,C,C
4,06,04,00125,51,2,1,3,043,,,D,A,C,D,C,D,D,D,A,A,D
4,06,04,00127,33,1,1,3,037,,,D,A,C,A,A,B,D,C,A,A,D
4,06,04,00129,47,2,1,3,029,,,C,A,A,B,A,B,D,B,D,D,D
4,06,04,00133,31,2,1,3,060,,,D,A,A,A,A,D,D,C,A,B,C
4,06,04,00137,31,1,1,3,043,,,D,A,C,D,A,D,A,D,A,C,D
4,06,04,00139,56,2,1,3,060,,,D,B,C,D,C,B,D,B,A,C,D
4,06,04,00002,26,1,1,2,043,1,,D,D,C,D,A,D,D,D,A,C,C
4,06,04,00006,27,1,1,2,043,1,21,C,A,C,C,B,D,D,B,A,C,D
4,06,04,00008,35,2,1,2,005,2,,D,D,C,D,B,B,D,D,A,C,C
4,06,04,00010,27,1,1,2,045,2,,B,D,C,D,A,D,D,C,A,B,D
4,06,04,00014,27,2,1,2,036,1,21,D,A,C,B,C,B,D,C,A,C,D
4,06,04,00016,34,2,1,2,005,2,,D,D,C,C,B,A,B,B,B,C,C
4,06,04,00020,24,2,1,2,043,1,21,D,A,C,A,A,D,C,C,A,C,D
4,06,04,00022,29,1,1,2,043,1,21,D,D,C,D,B,B,B,B,A,A,D
4,06,04,00024,26,1,1,2,067,1,,D,D,C,D,A,D,D,B,A,C,D
4,06,04,00026,,1,1,2,043,1,,D,D,C,A,C,B,D,C,A,C,C
4,06,04,00028,25,1,1,2,043,1,21,D,D,A,D,B,B,D,B,A,A,D
4,06,04,00030,57,1,1,2,043,1,,C,A,C,C,B,B,D,A,C,A,D
4,06,04,00036,24,2,1,2,043,2,,D,A,C,C,A,B,A,B,A,C,D
4,06,04,00038,24,2,1,2,043,1,21,D,D,C,B,A,B,C,B,A,C,A
4,06,04,00034,25,2,1,2,043,2,,D,D,C,A,A,B,D,B,A,C,A
4,06,04,00040,26,1,1,2,043,,,D,A,A,A,B,C,D,C,B,A,C
4,06,04,00042,41,1,1,2,060,1,21,D,A,C,B,C,B,D,C,A,C,C
4,06,04,00044,37,2,1,2,043,1,21,D,D,C,D,C,B,D,A,A,C,C
4,06,04,00046,32,2,1,2,043,1,21,D,A,C,A,A,B,D,B,,,
4,06,04,00048,27,2,1,2,032,1,,D,A,A,A,A,B,D,C,B,C,D
4,06,04,00050,28,1,1,2,043,2,,D,D,C,D,C,B,C,A,A,C,D
4,06,04,00052,23,2,1,2,043,1,21,D,A,C,B,A,D,B,C,,,
4,06,04,00054,29,1,1,2,043,1,,D,A,A,B,A,B,D,A,A,C,D
4,06,04,00058,25,1,1,2,081,1,,D,D,A,D,B,B,D,C,A,C,D
4,06,04,00060,26,1,1,2,043,1,21,D,A,C,A,B,B,D,C,A,C,D
4,06,04,00062,32,1,1,2,032,1,,D,D,C,B,A,D,D,C,A,A,D
4,06,04,00064,25,1,1,2,043,1,21,D,D,B,C,B,B,D,C,A,C,C
4,06,04,00066,27,1,1,2,018,1,,B,A,C,D,C,C,D,B,A,D,D
4,06,04,00068,26,2,1,2,043,2,,D,D,C,D,C,D,D,C,A,C,D
4,06,04,00070,32,1,1,2,043,1,21,C,D,C,D,A,B,D,C,A,C,D
4,06,04,00074,27,2,1,2,043,1,21,B,A,C,A,A,C,D,B,B,D,D
4,06,04,00076,26,1,1,2,046,2,,D,A,C,B,A,A,D,C,,,
4,06,04,00078,29,1,1,2,043,1,,D,A,A,C,B,B,D,B,A,A,D
4,06,04,00080,27,1,1,2,043,1,21,,A,C,D,A,B,,D,A,C,C
4,06,04,00082,24,1,1,2,043,2,,D,D,C,B,A,B,D,C,A,C,C
4,06,04,00086,23,1,1,2,043,2,,D,A,A,B,C,B,D,A,A,C,C
4,06,04,00088,32,1,1,3,072,,,D,D,C,D,A,B,C,B,A,C,D
4,06,04,00090,40,1,1,3,043,,,D,A,A,D,A,B,A,C,A,C,D
4,06,04,00092,62,1,1,3,029,,,C,C,A,D,C,B,A,B,B,A,D
4,06,04,00094,35,2,1,3,043,,,D,B,C,B,A,D,B,D,A,A,D
4,06,04,00096,62,2,1,3,043,,,C,B,A,C,A,B,D,B,A,D,D
4,06,04,00098,31,1,1,3,043,,,D,A,C,B,C,D,D,C,A,A,D
4,06,04,00100,45,1,1,3,043,,,D,A,C,A,C,D,D,C,A,A,C
4,06,04,00102,27,1,1,3,043,,,D,D,C,D,B,B,D,B,A,C,D
4,06,04,00104,33,1,1,3,043,,,D,B,A,D,C,B,D,B,A,C,D
4,06,04,00106,32,1,1,3,037,,,D,A,C,D,B,D,B,D,A,D,D
4,06,04,00108,43,2,1,3,043,,,D,B,A,C,C,B,D,A,A,B,D
4,06,04,00110,39,2,1,3,043,,,D,A,C,D,A,B,D,C,A,C,D
4,06,04,00114,26,,2,3,043,,,D,A,C,D,A,D,D,C,A,C,D
4,06,04,00116,73,1,1,3,024,,,D,D,C,D,A,B,D,A,A,C,D
4,06,04,00118,38,2,1,3,029,,,D,C,A,B,C,B,D,B,A,A,D
4,06,04,00120,45,2,1,3,043,,,C,A,A,A,B,B,B,A,D,C,D
4,06,04,00122,25,1,1,3,043,,,D,A,A,D,A,B,D,C,A,C,D
4,06,04,00126,28,1,1,3,043,,,D,D,C,D,C,B,A,C,A,C,C
4,06,04,00128,32,2,1,3,043,,,C,A,C,C,B,B,D,B,A,A,D
4,06,04,00130,30,1,1,3,037,,,D,A,C,D,A,B,D,C,A,C,D
4,06,04,00132,31,2,1,3,043,,,C,D,C,D,A,B,D,C,A,A,D
4,06,04,00134,32,1,1,3,043,,,C,D,C,B,C,D,D,C,A,B,D
4,06,04,00138,43,2,1,3,043,,,D,A,C,A,A,B,D,A,A,C,D
4,06,04,00140,34,2,1,3,044,,,D,A,C,D,A,B,D,C,A,D,D
4,06,04,00141,27,2,2,3,043,,,D,B,C,D,B,B,D,C,A,A,A
